{"api": "Fortnite-API", "items": {"Backpack_AbstractMirror": {"id": "Backpack_AbstractMirror", "path": "AthenaBackpackItemDefinition'/Game/Athena/items/Cosmetics/Backpacks/Backpack_AbstractMirror.Backpack_AbstractMirror'", "name": "メタルギアMk.II", "url": "https://fortnite-api.com/images/cosmetics/br/backpack_abstractmirror/icon.png", "type": {"value": "backpack", "displayValue": "バックアクセサリー", "backendValue": "AthenaBackpack"}, "set": "スニーキング", "variants": null}, "Backpack_BrightIon": {"id": "Backpack_BrightIon", "path": "AthenaBackpackItemDefinition'/Game/Athena/items/Cosmetics/Backpacks/Backpack_BrightIon.Backpack_BrightIon'", "name": "トラベラークラス・テックパック", "url": "https://fortnite-api.com/images/cosmetics/br/backpack_brightion/icon.png", "type": {"value": "backpack", "displayValue": "バックアクセサリー", "backendValue": "AthenaBackpack"}, "set": "ニュートロン・リペア", "variants": null}, "Backpack_CosmicSquatter": {"id": "Backpack_CosmicSquatter", "path": "AthenaBackpackItemDefinition'/Game/Athena/items/Cosmetics/Backpacks/Backpack_CosmicSquatter.Backpack_CosmicSquatter'", "name": "スクワーク・サック", "url": "https://fortnite-api.com/images/cosmetics/br/backpack_cosmicsquatter/icon.png", "type": {"value": "backpack", "displayValue": "バックアクセサリー", "backendValue": "AthenaBackpack"}, "set": "ブレーカー・オブ・ケイジ", "variants": null}, "Backpack_DarkNinjaWhite": {"id": "Backpack_DarkNinjaWhite", "path": "AthenaBackpackItemDefinition'/Game/Athena/items/Cosmetics/Backpacks/Backpack_DarkNinjaWhite.Backpack_DarkNinjaWhite'", "name": "エニグマ・シフト", "url": "https://fortnite-api.com/images/cosmetics/br/backpack_darkninjawhite/icon.png", "type": {"value": "backpack", "displayValue": "バックアクセサリー", "backendValue": "AthenaBackpack"}, "set": "ビー・ザ・ミステリー", "variants": null}, "Backpack_FalseVulture": {"id": "Backpack_FalseVulture", "path": "AthenaBackpackItemDefinition'/Game/Athena/items/Cosmetics/Backpacks/Backpack_FalseVulture.Backpack_FalseVulture'", "name": "高周波ブレード", "url": "https://fortnite-api.com/images/cosmetics/br/backpack_falsevulture/icon.png", "type": {"value": "backpack", "displayValue": "バックアクセサリー", "backendValue": "AthenaBackpack"}, "set": "スニーキング", "variants": null}, "Backpack_FastCheetah": {"id": "Backpack_FastCheetah", "path": "AthenaBackpackItemDefinition'/Game/Athena/Items/Cosmetics/Backpacks/Backpack_FastCheetah.Backpack_FastCheetah'", "name": "フライパン", "url": "https://fortnite-api.com/images/cosmetics/br/backpack_fastcheetah/icon.png", "type": {"value": "backpack", "displayValue": "バックアクセサリー", "backendValue": "AthenaBackpack"}, "set": "ファミリー・ガイ", "variants": null}, "Backpack_FlamingoCountry": {"id": "Backpack_FlamingoCountry", "path": "AthenaBackpackItemDefinition'/Game/Athena/items/Cosmetics/Backpacks/Backpack_FlamingoCountry.Backpack_FlamingoCountry'", "name": "フラムバッゴ", "url": "https://fortnite-api.com/images/cosmetics/br/backpack_flamingocountry/icon.png", "type": {"value": "backpack", "displayValue": "バックアクセサリー", "backendValue": "AthenaBackpack"}, "set": "フェザード・ウェスト", "variants": null}, "Backpack_MallardVantage": {"id": "Backpack_MallardVantage", "path": "AthenaBackpackItemDefinition'/Game/Athena/items/Cosmetics/Backpacks/Backpack_MallardVantage.Backpack_MallardVantage'", "name": "ダック・ダッフル", "url": "https://fortnite-api.com/images/cosmetics/br/backpack_mallardvantage/icon.png", "type": {"value": "backpack", "displayValue": "バックアクセサリー", "backendValue": "AthenaBackpack"}, "set": "スクワーキン・サージェント", "variants": null}, "Backpack_NovelGuardCape": {"id": "Backpack_NovelGuardCape", "path": "AthenaBackpackItemDefinition'/Game/Athena/items/Cosmetics/Backpacks/Backpack_NovelGuardCape.Backpack_NovelGuardCape'", "name": "サイオン・シールド", "url": "https://fortnite-api.com/images/cosmetics/br/backpack_novelguardcape/icon.png", "type": {"value": "backpack", "displayValue": "バックアクセサリー", "backendValue": "AthenaBackpack"}, "set": "アン・ギャルド", "variants": null}, "Backpack_RainbowStraps": {"id": "Backpack_RainbowStraps", "path": "AthenaBackpackItemDefinition'/Game/Athena/items/Cosmetics/Backpacks/Backpack_RainbowStraps.Backpack_RainbowStraps'", "name": "ラマフォニック・ブラスター", "url": "https://fortnite-api.com/images/cosmetics/br/backpack_rainbowstraps/icon.png", "type": {"value": "backpack", "displayValue": "バックアクセサリー", "backendValue": "AthenaBackpack"}, "set": "ラナ・オリジン", "variants": [{"name": "ラマフォニック・ブラスター", "variants": [{"c": "Material", "v": "Mat1", "dE": 0}]}, {"name": "ラマティック レガシー", "variants": [{"c": "Material", "v": "Mat2", "dE": 0}]}, {"name": "オーリック レガシー", "variants": [{"c": "Material", "v": "Mat3", "dE": 0}]}, {"name": "フェーズ レガシー", "variants": [{"c": "Material", "v": "Mat4", "dE": 0}]}, {"name": "ライムバウンド レガシー", "variants": [{"c": "Material", "v": "Mat5", "dE": 0}]}, {"name": "コズミック レガシー", "variants": [{"c": "Material", "v": "Mat6", "dE": 0}]}]}, "Character_BrightIon": {"id": "Character_BrightIon", "path": "AthenaCharacterItemDefinition'/Game/Athena/items/Cosmetics/Characters/Character_BrightIon.Character_BrightIon'", "name": "コメット", "url": "https://fortnite-api.com/images/cosmetics/br/character_brightion/icon.png", "type": {"value": "outfit", "displayValue": "コスチューム", "backendValue": "AthenaCharacter"}, "set": "ニュートロン・リペア", "variants": null}, "Character_CosmicSquatter": {"id": "Character_CosmicSquatter", "path": "AthenaCharacterItemDefinition'/Game/Athena/items/Cosmetics/Characters/Character_CosmicSquatter.Character_CosmicSquatter'", "name": "バッジ", "url": "https://fortnite-api.com/images/cosmetics/br/character_cosmicsquatter/icon.png", "type": {"value": "outfit", "displayValue": "キャラクター", "backendValue": "AthenaCharacter"}, "set": "ブレーカー・オブ・ケイジ", "variants": null}, "Character_DarkNinjaWhite": {"id": "Character_DarkNinjaWhite", "path": "AthenaCharacterItemDefinition'/Game/Athena/items/Cosmetics/Characters/Character_DarkNinjaWhite.Character_DarkNinjaWhite'", "name": "ミステリアス・フェイト", "url": "https://fortnite-api.com/images/cosmetics/br/character_darkninjawhite/icon.png", "type": {"value": "outfit", "displayValue": "コスチューム", "backendValue": "AthenaCharacter"}, "set": "ビー・ザ・ミステリー", "variants": null}, "Character_FalseVulture": {"id": "Character_FalseVulture", "path": "AthenaCharacterItemDefinition'/Game/Athena/items/Cosmetics/Characters/Character_FalseVulture.Character_FalseVulture'", "name": "雷電", "url": "https://fortnite-api.com/images/cosmetics/br/character_falsevulture/icon.png", "type": {"value": "outfit", "displayValue": "キャラクター", "backendValue": "AthenaCharacter"}, "set": "スニーキング", "variants": [{"name": "オフ", "variants": [{"c": "Parts", "v": "Stage1", "dE": 0}]}, {"name": "オン", "variants": [{"c": "Parts", "v": "Stage2", "dE": 0}]}]}, "Character_FastCheetah": {"id": "Character_FastCheetah", "path": "AthenaCharacterItemDefinition'/Game/Athena/Items/Cosmetics/Characters/Character_FastCheetah.Character_FastCheetah'", "name": "ジャイアント・チキン", "url": "https://fortnite-api.com/images/cosmetics/br/character_fastcheetah/icon.png", "type": {"value": "outfit", "displayValue": "キャラクター", "backendValue": "AthenaCharacter"}, "set": "ファミリー・ガイ", "variants": null}, "Character_FlamingoCountry": {"id": "Character_FlamingoCountry", "path": "AthenaCharacterItemDefinition'/Game/Athena/items/Cosmetics/Characters/Character_FlamingoCountry.Character_FlamingoCountry'", "name": "テックス・フラミンゴ", "url": "https://fortnite-api.com/images/cosmetics/br/character_flamingocountry/icon.png", "type": {"value": "outfit", "displayValue": "キャラクター", "backendValue": "AthenaCharacter"}, "set": "フェザード・ウェスト", "variants": null}, "Character_FrostMystery": {"id": "Character_FrostMystery", "path": "AthenaCharacterItemDefinition'/Game/Athena/items/Cosmetics/Characters/Character_FrostMystery.Character_FrostMystery'", "name": "ミステリー・ゾーン", "url": "https://fortnite-api.com/images/cosmetics/br/character_frostmystery/icon.png", "type": {"value": "outfit", "displayValue": "コスチューム", "backendValue": "AthenaCharacter"}, "set": "ビー・ザ・ミステリー", "variants": null}, "Character_MallardVantage": {"id": "Character_MallardVantage", "path": "AthenaCharacterItemDefinition'/Game/Athena/items/Cosmetics/Characters/Character_MallardVantage.Character_MallardVantage'", "name": "サージェント・ドレイク", "url": "https://fortnite-api.com/images/cosmetics/br/character_mallardvantage/icon.png", "type": {"value": "outfit", "displayValue": "キャラクター", "backendValue": "AthenaCharacter"}, "set": "スクワーキン・サージェント", "variants": null}, "Character_NovelGuard": {"id": "Character_NovelGuard", "path": "AthenaCharacterItemDefinition'/Game/Athena/items/Cosmetics/Characters/Character_NovelGuard.Character_NovelGuard'", "name": "カヴェル", "url": "https://fortnite-api.com/images/cosmetics/br/character_novelguard/icon.png", "type": {"value": "outfit", "displayValue": "コスチューム", "backendValue": "AthenaCharacter"}, "set": "アン・ギャルド", "variants": [{"name": "カヴェル", "variants": [{"c": "Parts", "v": "Stage1", "dE": 0}]}, {"name": "マスクなし", "variants": [{"c": "Parts", "v": "Stage2", "dE": 0}]}]}, "Character_RainbowStraps": {"id": "Character_RainbowStraps", "path": "AthenaCharacterItemDefinition'/Game/Athena/items/Cosmetics/Characters/Character_RainbowStraps.Character_RainbowStraps'", "name": "ラナ・レーン", "url": "https://fortnite-api.com/images/cosmetics/br/character_rainbowstraps/icon.png", "type": {"value": "outfit", "displayValue": "キャラクター", "backendValue": "AthenaCharacter"}, "set": "ラナ・オリジン", "variants": [{"name": "ラナ・レーン", "variants": [{"c": "Material", "v": "Mat1", "dE": 0}]}, {"name": "ラマティック レガシー", "variants": [{"c": "Material", "v": "Mat2", "dE": 0}]}, {"name": "オーリック レガシー", "variants": [{"c": "Material", "v": "Mat3", "dE": 0}]}, {"name": "フェーズ レガシー", "variants": [{"c": "Material", "v": "Mat4", "dE": 0}]}, {"name": "ライムバウンド レガシー", "variants": [{"c": "Material", "v": "Mat5", "dE": 0}]}, {"name": "コズミック レガシー", "variants": [{"c": "Material", "v": "Mat6", "dE": 0}]}]}, "Character_SpeedKidd": {"id": "Character_SpeedKidd", "path": "AthenaCharacterItemDefinition'/Game/Athena/items/Cosmetics/Characters/Character_SpeedKidd.Character_SpeedKidd'", "name": "マティアス", "url": "https://fortnite-api.com/images/cosmetics/br/character_speedkidd/icon.png", "type": {"value": "outfit", "displayValue": "キャラクター", "backendValue": "AthenaCharacter"}, "set": "Rocket Racing", "variants": null}, "EID_AbstractMirror": {"id": "EID_AbstractMirror", "path": "AthenaDanceItemDefinition'/Game/Athena/items/Cosmetics/Dances/EID_AbstractMirror.EID_AbstractMirror'", "name": "！", "url": "https://fortnite-api.com/images/cosmetics/br/eid_abstractmirror/icon.png", "type": {"value": "emote", "displayValue": "エモート", "backendValue": "AthenaDance"}, "set": "スニーキング", "variants": null}, "EID_Camouflage": {"id": "EID_Camouflage", "path": "AthenaDanceItemDefinition'/Game/Athena/Items/Cosmetics/Dances/EID_Camouflage.EID_Camouflage'", "name": "ダンシング・ドミノ", "url": "https://fortnite-api.com/images/cosmetics/br/eid_camouflage/icon.png", "type": {"value": "emote", "displayValue": "エモート", "backendValue": "AthenaDance"}, "set": null, "variants": null}, "EID_FastCheetah": {"id": "EID_FastCheetah", "path": "AthenaDanceItemDefinition'/Game/Athena/Items/Cosmetics/Dances/EID_FastCheetah.EID_FastCheetah'", "name": "ピーター・グリフィンのスピードバッグ訓練", "url": "https://fortnite-api.com/images/cosmetics/br/eid_fastcheetah/icon.png", "type": {"value": "emote", "displayValue": "エモート", "backendValue": "AthenaDance"}, "set": null, "variants": null}, "EID_Icicle": {"id": "EID_Icicle", "path": "AthenaDanceItemDefinition'/Game/Athena/items/Cosmetics/Dances/EID_Icicle.EID_Icicle'", "name": "スノーフレーキー", "url": "https://fortnite-api.com/images/cosmetics/br/eid_icicle/icon.png", "type": {"value": "emote", "displayValue": "エモート", "backendValue": "AthenaDance"}, "set": null, "variants": null}, "EID_Prosper": {"id": "EID_Prosper", "path": "AthenaDanceItemDefinition'/Game/Athena/Items/Cosmetics/Dances/EID_Prosper.EID_Prosper'", "name": "パーフェクト・スコア", "url": "https://fortnite-api.com/images/cosmetics/br/eid_prosper/icon.png", "type": {"value": "emote", "displayValue": "エモート", "backendValue": "AthenaDance"}, "set": null, "variants": null}, "EID_Repetition": {"id": "EID_Repetition", "path": "AthenaDanceItemDefinition'/Game/Athena/Items/Cosmetics/Dances/EID_Repetition.EID_Repetition'", "name": "ソーシャル・クライマー", "url": "https://fortnite-api.com/images/cosmetics/br/eid_repetition/icon.png", "type": {"value": "emote", "displayValue": "エモート", "backendValue": "AthenaDance"}, "set": null, "variants": null}, "EID_Rotisserie": {"id": "EID_Rotisserie", "path": "AthenaDanceItemDefinition'/Game/Athena/Items/Cosmetics/Dances/EID_Rotisserie.EID_Rotisserie'", "name": "ミー&ユー", "url": "https://fortnite-api.com/images/cosmetics/br/eid_rotisserie/icon.png", "type": {"value": "emote", "displayValue": "エモート", "backendValue": "AthenaDance"}, "set": null, "variants": null}, "EID_Rotisserie_Drum": {"id": "EID_Rotisserie_Drum", "path": "AthenaDanceItemDefinition'/Game/Athena/Items/Cosmetics/Dances/EID_Rotisserie_Drum.EID_Rotisserie_Drum'", "name": "null", "url": "https://fortnite-api.com/images/cosmetics/br/eid_rotisserie_drum/icon.png", "type": {"value": "emote", "displayValue": "エモート", "backendValue": "AthenaDance"}, "set": null, "variants": null}, "EID_Rotisserie_Follower": {"id": "EID_Rotisserie_Follower", "path": "AthenaDanceItemDefinition'/Game/Athena/Items/Cosmetics/Dances/EID_Rotisserie_Follower.EID_Rotisserie_Follower'", "name": "TBD", "url": "https://fortnite-api.com/images/cosmetics/br/eid_rotisserie_follower/icon.png", "type": {"value": "emote", "displayValue": "エモート", "backendValue": "AthenaDance"}, "set": null, "variants": null}, "EID_Rotisserie_Guitar": {"id": "EID_Rotisserie_Guitar", "path": "AthenaDanceItemDefinition'/Game/Athena/Items/Cosmetics/Dances/EID_Rotisserie_Guitar.EID_Rotisserie_Guitar'", "name": "TBD", "url": "https://fortnite-api.com/images/cosmetics/br/eid_rotisserie_guitar/icon.png", "type": {"value": "emote", "displayValue": "エモート", "backendValue": "AthenaDance"}, "set": null, "variants": null}, "EID_Rotisserie_Sycn": {"id": "EID_Rotisserie_Sycn", "path": "AthenaDanceItemDefinition'/Game/Athena/Items/Cosmetics/Dances/EID_Rotisserie_Sycn.EID_Rotisserie_Sycn'", "name": "TBD", "url": "https://fortnite-api.com/images/cosmetics/br/eid_rotisserie_sycn/icon.png", "type": {"value": "emote", "displayValue": "エモート", "backendValue": "AthenaDance"}, "set": null, "variants": null}, "EID_Rotisserie_Sycn_Follower": {"id": "EID_Rotisserie_Sycn_Follower", "path": "AthenaDanceItemDefinition'/Game/Athena/Items/Cosmetics/Dances/EID_Rotisserie_Sycn_Follower.EID_Rotisserie_Sycn_Follower'", "name": "TBD", "url": "https://fortnite-api.com/images/cosmetics/br/eid_rotisserie_sycn_follower/icon.png", "type": {"value": "emote", "displayValue": "エモート", "backendValue": "AthenaDance"}, "set": null, "variants": null}, "EID_Rotisserie_Sycn_Leader": {"id": "EID_Rotisserie_Sycn_Leader", "path": "AthenaDanceItemDefinition'/Game/Athena/Items/Cosmetics/Dances/EID_Rotisserie_Sycn_Leader.EID_Rotisserie_Sycn_Leader'", "name": "TBD", "url": "https://fortnite-api.com/images/cosmetics/br/eid_rotisserie_sycn_leader/icon.png", "type": {"value": "emote", "displayValue": "エモート", "backendValue": "AthenaDance"}, "set": null, "variants": null}, "EID_Sculptor": {"id": "EID_Sculptor", "path": "AthenaDanceItemDefinition'/Game/Athena/items/Cosmetics/Dances/EID_Sculptor.EID_Sculptor'", "name": "シェイブ・ザ・デイト", "url": "https://fortnite-api.com/images/cosmetics/br/eid_sculptor/icon.png", "type": {"value": "emote", "displayValue": "エモート", "backendValue": "AthenaDance"}, "set": null, "variants": null}, "EID_Standoff": {"id": "EID_Standoff", "path": "AthenaDanceItemDefinition'/Game/Athena/items/Cosmetics/Dances/EID_Standoff.EID_Standoff'", "name": "アイスムーヴ", "url": "https://fortnite-api.com/images/cosmetics/br/eid_standoff/icon.png", "type": {"value": "emote", "displayValue": "エモート", "backendValue": "AthenaDance"}, "set": null, "variants": null}, "EID_Undead": {"id": "EID_Undead", "path": "AthenaDanceItemDefinition'/Game/Athena/Items/Cosmetics/Dances/EID_Undead.EID_Undead'", "name": "悪だくみ", "url": "https://fortnite-api.com/images/cosmetics/br/eid_undead/icon.png", "type": {"value": "emote", "displayValue": "エモート", "backendValue": "AthenaDance"}, "set": null, "variants": null}, "Emoji_S28_AbstractMirror": {"id": "Emoji_S28_AbstractMirror", "path": "AthenaEmojiItemDefinition'/Game/Athena/items/Cosmetics/Dances/Emoji/Emoji_S28_AbstractMirror.Emoji_S28_AbstractMirror'", "name": "隠れてる？", "url": "https://fortnite-api.com/images/cosmetics/br/emoji_s28_abstractmirror/icon.png", "type": {"value": "emoji", "displayValue": "エモートアイコン", "backendValue": "AthenaEmoji"}, "set": "スニーキング", "variants": null}, "Pickaxe_AbstractMirror": {"id": "Pickaxe_AbstractMirror", "path": "AthenaPickaxeItemDefinition'/Game/Athena/items/Cosmetics/PIckaxes/Pickaxe_AbstractMirror.Pickaxe_AbstractMirror'", "name": "スタンナイフ", "url": "https://fortnite-api.com/images/cosmetics/br/pickaxe_abstractmirror/icon.png", "type": {"value": "pickaxe", "displayValue": "ツルハシ", "backendValue": "AthenaPickaxe"}, "set": "スニーキング", "variants": null}, "Pickaxe_AxlFacet": {"id": "Pickaxe_AxlFacet", "path": "AthenaPickaxeItemDefinition'/Game/Athena/items/Cosmetics/PIckaxes/Pickaxe_AxlFacet.Pickaxe_AxlFacet'", "name": "キャラット・カーヴァー", "url": "https://fortnite-api.com/images/cosmetics/br/pickaxe_axlfacet/icon.png", "type": {"value": "pickaxe", "displayValue": "ツルハシ", "backendValue": "AthenaPickaxe"}, "set": null, "variants": null}, "Pickaxe_BestDressedFNCS": {"id": "Pickaxe_BestDressedFNCS", "path": "AthenaPickaxeItemDefinition'FortniteGame/Plugins/GameFeatures/BRCosmetics/Content/Athena/items/Cosmetics/PIckaxes/Pickaxe_BestDressedFNCS.Pickaxe_BestDressedFNCS'", "name": "チャンピオン・ブレイド", "url": "https://fortnite-api.com/images/cosmetics/br/pickaxe_bestdressedfncs/icon.png", "type": {"value": "pickaxe", "displayValue": "ツルハシ", "backendValue": "AthenaPickaxe"}, "set": "FNCS", "variants": null}, "Pickaxe_BrightIon": {"id": "Pickaxe_BrightIon", "path": "AthenaPickaxeItemDefinition'/Game/Athena/items/Cosmetics/PIckaxes/Pickaxe_BrightIon.Pickaxe_BrightIon'", "name": "リップ・レッカー", "url": "https://fortnite-api.com/images/cosmetics/br/pickaxe_brightion/icon.png", "type": {"value": "pickaxe", "displayValue": "ツルハシ", "backendValue": "AthenaPickaxe"}, "set": "ニュートロン・リペア", "variants": null}, "Pickaxe_CosmicSquatter": {"id": "Pickaxe_CosmicSquatter", "path": "AthenaPickaxeItemDefinition'/Game/Athena/items/Cosmetics/PIckaxes/Pickaxe_CosmicSquatter.Pickaxe_CosmicSquatter'", "name": "コズミック・ペック・アックス", "url": "https://fortnite-api.com/images/cosmetics/br/pickaxe_cosmicsquatter/icon.png", "type": {"value": "pickaxe", "displayValue": "ツルハシ", "backendValue": "AthenaPickaxe"}, "set": "ブレーカー・オブ・ケイジ", "variants": null}, "Pickaxe_FalseVulture": {"id": "Pickaxe_FalseVulture", "path": "AthenaPickaxeItemDefinition'/Game/Athena/items/Cosmetics/PIckaxes/Pickaxe_FalseVulture.Pickaxe_FalseVulture'", "name": "高周波ブレード", "url": "https://fortnite-api.com/images/cosmetics/br/pickaxe_falsevulture/icon.png", "type": {"value": "pickaxe", "displayValue": "ツルハシ", "backendValue": "AthenaPickaxe"}, "set": "スニーキング", "variants": null}, "Pickaxe_FastCheetah": {"id": "Pickaxe_FastCheetah", "path": "AthenaPickaxeItemDefinition'/Game/Athena/Items/Cosmetics/PickAxes/Pickaxe_FastCheetah.Pickaxe_FastCheetah'", "name": "鶏ドラムスティック", "url": "https://fortnite-api.com/images/cosmetics/br/pickaxe_fastcheetah/icon.png", "type": {"value": "pickaxe", "displayValue": "ツルハシ", "backendValue": "AthenaPickaxe"}, "set": "ファミリー・ガイ", "variants": null}, "Pickaxe_NovelGuard": {"id": "Pickaxe_NovelGuard", "path": "AthenaPickaxeItemDefinition'/Game/Athena/items/Cosmetics/PIckaxes/Pickaxe_NovelGuard.Pickaxe_NovelGuard'", "name": "フォーマル・ストレートブレイド", "url": "https://fortnite-api.com/images/cosmetics/br/pickaxe_novelguard/icon.png", "type": {"value": "pickaxe", "displayValue": "ツルハシ", "backendValue": "AthenaPickaxe"}, "set": "アン・ギャルド", "variants": null}, "Pickaxe_RainbowStraps": {"id": "Pickaxe_RainbowStraps", "path": "AthenaPickaxeItemDefinition'/Game/Athena/items/Cosmetics/PIckaxes/Pickaxe_RainbowStraps.Pickaxe_RainbowStraps'", "name": "グロウニコーン・ラマックス", "url": "https://fortnite-api.com/images/cosmetics/br/pickaxe_rainbowstraps/icon.png", "type": {"value": "pickaxe", "displayValue": "ツルハシ", "backendValue": "AthenaPickaxe"}, "set": "ラナ・オリジン", "variants": [{"name": "グロウニコーン・ラマックス", "variants": [{"c": "Particle", "v": "Color.Particle1", "dE": 0}]}, {"name": "ラマティック レガシー", "variants": [{"c": "Particle", "v": "Color.Particle2", "dE": 0}]}, {"name": "オーリック レガシー", "variants": [{"c": "Particle", "v": "Color.Particle3", "dE": 0}]}, {"name": "フェーズ レガシー", "variants": [{"c": "Particle", "v": "Color.Particle4", "dE": 0}]}, {"name": "ライムバウンド レガシー", "variants": [{"c": "Particle", "v": "Color.Particle5", "dE": 0}]}, {"name": "コズミック レガシー", "variants": [{"c": "Particle", "v": "Color.Particle6", "dE": 0}]}]}}}