{"api": "Fortnite-API", "playlists": {"playlist_bots_defaultduo": {"id": "Playlist_Bots_DefaultDuo", "name": "Duos"}, "playlist_bots_defaultsolo": {"id": "Playlist_Bots_DefaultSolo", "name": "Solo"}, "playlist_bots_defaultsquad": {"id": "Playlist_Bots_DefaultSquad", "name": "Squads"}, "playlist_bots_nobuildbr_duo": {"id": "Playlist_Bots_NoBuildBR_Duo", "name": "Zero Build - Duos"}, "playlist_bots_nobuildbr_solo": {"id": "Playlist_Bots_NoBuildBR_Solo", "name": "Zero Build - Solo"}, "playlist_bots_nobuildbr_squad": {"id": "Playlist_Bots_NoBuildBR_Squad", "name": "Zero Build - Squads"}, "playlist_bots_nobuildbr_trio": {"id": "Playlist_Bots_NoBuildBR_Trio", "name": "Zero Build - Trios"}, "playlist_bots_trios": {"id": "Playlist_Bots_Trios", "name": "Trios"}, "playlist_creativeroyale": {"id": "Playlist_CreativeRoyale", "name": "Battle Royale Island Plot"}, "playlist_creativeroyale_mms": {"id": "Playlist_CreativeRoyale_MMS", "name": "(unused) battle Royale Island"}, "playlist_creativeroyale_mms_100playerstandard": {"id": "Playlist_CreativeRoyale_MMS_100PlayerStandard", "name": "Battle Royale Island"}, "playlist_creativeroyale_mms_100playerstandard_sb": {"id": "Playlist_CreativeRoyale_MMS_100PlayerStandard_SB", "name": "Battle Royale Island"}, "playlist_creativeroyale_mms_100_player_no_mms": {"id": "Playlist_CreativeRoyale_MMS_100_Player_No_MMS", "name": "Battle Royale Island"}, "playlist_creativeroyale_mms_10playerstandard": {"id": "Playlist_CreativeRoyale_MMS_10PlayerStandard", "name": "Battle Royale Island"}, "playlist_creativeroyale_mms_10playerstandard_sb": {"id": "Playlist_CreativeRoyale_MMS_10PlayerStandard_SB", "name": "Battle Royale Island"}, "playlist_creativeroyale_mms_10_player_no_mms": {"id": "Playlist_CreativeRoyale_MMS_10_Player_No_MMS", "name": "Battle Royale Island"}, "playlist_creativeroyale_mms_11playerstandard": {"id": "Playlist_CreativeRoyale_MMS_11PlayerStandard", "name": "Battle Royale Island"}, "playlist_creativeroyale_mms_11playerstandard_sb": {"id": "Playlist_CreativeRoyale_MMS_11PlayerStandard_SB", "name": "Battle Royale Island"}, "playlist_creativeroyale_mms_11_player_no_mms": {"id": "Playlist_CreativeRoyale_MMS_11_Player_No_MMS", "name": "Battle Royale Island"}, "playlist_creativeroyale_mms_12playerstandard": {"id": "Playlist_CreativeRoyale_MMS_12PlayerStandard", "name": "Battle Royale Island"}, "playlist_creativeroyale_mms_12playerstandard_sb": {"id": "Playlist_CreativeRoyale_MMS_12PlayerStandard_SB", "name": "Battle Royale Island"}, "playlist_creativeroyale_mms_12_player_no_mms": {"id": "Playlist_CreativeRoyale_MMS_12_Player_No_MMS", "name": "Battle Royale Island"}, "playlist_creativeroyale_mms_13playerstandard": {"id": "Playlist_CreativeRoyale_MMS_13PlayerStandard", "name": "Battle Royale Island"}, "playlist_creativeroyale_mms_13playerstandard_sb": {"id": "Playlist_CreativeRoyale_MMS_13PlayerStandard_SB", "name": "Battle Royale Island"}, "playlist_creativeroyale_mms_13_player_no_mms": {"id": "Playlist_CreativeRoyale_MMS_13_Player_No_MMS", "name": "Battle Royale Island"}, "playlist_creativeroyale_mms_14playerstandard": {"id": "Playlist_CreativeRoyale_MMS_14PlayerStandard", "name": "Battle Royale Island"}, "playlist_creativeroyale_mms_14playerstandard_sb": {"id": "Playlist_CreativeRoyale_MMS_14PlayerStandard_SB", "name": "Battle Royale Island"}, "playlist_creativeroyale_mms_14_player_no_mms": {"id": "Playlist_CreativeRoyale_MMS_14_Player_No_MMS", "name": "Battle Royale Island"}, "playlist_creativeroyale_mms_15playerstandard": {"id": "Playlist_CreativeRoyale_MMS_15PlayerStandard", "name": "Battle Royale Island"}, "playlist_creativeroyale_mms_15playerstandard_sb": {"id": "Playlist_CreativeRoyale_MMS_15PlayerStandard_SB", "name": "Battle Royale Island"}, "playlist_creativeroyale_mms_15_player_no_mms": {"id": "Playlist_CreativeRoyale_MMS_15_Player_No_MMS", "name": "Battle Royale Island"}, "playlist_creativeroyale_mms_16playerstandard": {"id": "Playlist_CreativeRoyale_MMS_16PlayerStandard", "name": "Battle Royale Island"}, "playlist_creativeroyale_mms_16playerstandard_sb": {"id": "Playlist_CreativeRoyale_MMS_16PlayerStandard_SB", "name": "Battle Royale Island"}, "playlist_creativeroyale_mms_16_player_no_mms": {"id": "Playlist_CreativeRoyale_MMS_16_Player_No_MMS", "name": "Battle Royale Island"}, "playlist_creativeroyale_mms_17playerstandard": {"id": "Playlist_CreativeRoyale_MMS_17PlayerStandard", "name": "Battle Royale Island"}, "playlist_creativeroyale_mms_17playerstandard_sb": {"id": "Playlist_CreativeRoyale_MMS_17PlayerStandard_SB", "name": "Battle Royale Island"}, "playlist_creativeroyale_mms_17_player_no_mms": {"id": "Playlist_CreativeRoyale_MMS_17_Player_No_MMS", "name": "Battle Royale Island"}, "playlist_creativeroyale_mms_18playerstandard": {"id": "Playlist_CreativeRoyale_MMS_18PlayerStandard", "name": "Battle Royale Island"}, "playlist_creativeroyale_mms_18playerstandard_sb": {"id": "Playlist_CreativeRoyale_MMS_18PlayerStandard_SB", "name": "Battle Royale Island"}, "playlist_creativeroyale_mms_18_player_no_mms": {"id": "Playlist_CreativeRoyale_MMS_18_Player_No_MMS", "name": "Battle Royale Island"}, "playlist_creativeroyale_mms_19playerstandard": {"id": "Playlist_CreativeRoyale_MMS_19PlayerStandard", "name": "Battle Royale Island"}, "playlist_creativeroyale_mms_19playerstandard_sb": {"id": "Playlist_CreativeRoyale_MMS_19PlayerStandard_SB", "name": "Battle Royale Island"}, "playlist_creativeroyale_mms_19_player_no_mms": {"id": "Playlist_CreativeRoyale_MMS_19_Player_No_MMS", "name": "Battle Royale Island"}, "playlist_creativeroyale_mms_1playerstandard": {"id": "Playlist_CreativeRoyale_MMS_1PlayerStandard", "name": "Battle Royale Island"}, "playlist_creativeroyale_mms_1playerstandard_sb": {"id": "Playlist_CreativeRoyale_MMS_1PlayerStandard_SB", "name": "Battle Royale Island"}, "playlist_creativeroyale_mms_1_player_no_mms": {"id": "Playlist_CreativeRoyale_MMS_1_Player_No_MMS", "name": "Battle Royale Island"}, "playlist_creativeroyale_mms_20playerstandard": {"id": "Playlist_CreativeRoyale_MMS_20PlayerStandard", "name": "Battle Royale Island"}, "playlist_creativeroyale_mms_20playerstandard_sb": {"id": "Playlist_CreativeRoyale_MMS_20PlayerStandard_SB", "name": "Battle Royale Island"}, "playlist_creativeroyale_mms_20_player_no_mms": {"id": "Playlist_CreativeRoyale_MMS_20_Player_No_MMS", "name": "Battle Royale Island"}, "playlist_creativeroyale_mms_21playerstandard": {"id": "Playlist_CreativeRoyale_MMS_21PlayerStandard", "name": "Battle Royale Island"}, "playlist_creativeroyale_mms_21playerstandard_sb": {"id": "Playlist_CreativeRoyale_MMS_21PlayerStandard_SB", "name": "Battle Royale Island"}, "playlist_creativeroyale_mms_21_player_no_mms": {"id": "Playlist_CreativeRoyale_MMS_21_Player_No_MMS", "name": "Battle Royale Island"}, "playlist_creativeroyale_mms_22playerstandard": {"id": "Playlist_CreativeRoyale_MMS_22PlayerStandard", "name": "Battle Royale Island"}, "playlist_creativeroyale_mms_22playerstandard_sb": {"id": "Playlist_CreativeRoyale_MMS_22PlayerStandard_SB", "name": "Battle Royale Island"}, "playlist_creativeroyale_mms_22_player_no_mms": {"id": "Playlist_CreativeRoyale_MMS_22_Player_No_MMS", "name": "Battle Royale Island"}, "playlist_creativeroyale_mms_23playerstandard": {"id": "Playlist_CreativeRoyale_MMS_23PlayerStandard", "name": "Battle Royale Island"}, "playlist_creativeroyale_mms_23playerstandard_sb": {"id": "Playlist_CreativeRoyale_MMS_23PlayerStandard_SB", "name": "Battle Royale Island"}, "playlist_creativeroyale_mms_23_player_no_mms": {"id": "Playlist_CreativeRoyale_MMS_23_Player_No_MMS", "name": "Battle Royale Island"}, "playlist_creativeroyale_mms_24playerstandard": {"id": "Playlist_CreativeRoyale_MMS_24PlayerStandard", "name": "Battle Royale Island"}, "playlist_creativeroyale_mms_24playerstandard_sb": {"id": "Playlist_CreativeRoyale_MMS_24PlayerStandard_SB", "name": "Battle Royale Island"}, "playlist_creativeroyale_mms_24_player_no_mms": {"id": "Playlist_CreativeRoyale_MMS_24_Player_No_MMS", "name": "Battle Royale Island"}, "playlist_creativeroyale_mms_25playerstandard": {"id": "Playlist_CreativeRoyale_MMS_25PlayerStandard", "name": "Battle Royale Island"}, "playlist_creativeroyale_mms_25playerstandard_sb": {"id": "Playlist_CreativeRoyale_MMS_25PlayerStandard_SB", "name": "Battle Royale Island"}, "playlist_creativeroyale_mms_25_player_no_mms": {"id": "Playlist_CreativeRoyale_MMS_25_Player_No_MMS", "name": "Battle Royale Island"}, "playlist_creativeroyale_mms_26playerstandard": {"id": "Playlist_CreativeRoyale_MMS_26PlayerStandard", "name": "Battle Royale Island"}, "playlist_creativeroyale_mms_26playerstandard_sb": {"id": "Playlist_CreativeRoyale_MMS_26PlayerStandard_SB", "name": "Battle Royale Island"}, "playlist_creativeroyale_mms_26_player_no_mms": {"id": "Playlist_CreativeRoyale_MMS_26_Player_No_MMS", "name": "Battle Royale Island"}, "playlist_creativeroyale_mms_27playerstandard": {"id": "Playlist_CreativeRoyale_MMS_27PlayerStandard", "name": "Battle Royale Island"}, "playlist_creativeroyale_mms_27playerstandard_sb": {"id": "Playlist_CreativeRoyale_MMS_27PlayerStandard_SB", "name": "Battle Royale Island"}, "playlist_creativeroyale_mms_27_player_no_mms": {"id": "Playlist_CreativeRoyale_MMS_27_Player_No_MMS", "name": "Battle Royale Island"}, "playlist_creativeroyale_mms_28playerstandard": {"id": "Playlist_CreativeRoyale_MMS_28PlayerStandard", "name": "Battle Royale Island"}, "playlist_creativeroyale_mms_28playerstandard_sb": {"id": "Playlist_CreativeRoyale_MMS_28PlayerStandard_SB", "name": "Battle Royale Island"}, "playlist_creativeroyale_mms_28_player_no_mms": {"id": "Playlist_CreativeRoyale_MMS_28_Player_No_MMS", "name": "Battle Royale Island"}, "playlist_creativeroyale_mms_29playerstandard": {"id": "Playlist_CreativeRoyale_MMS_29PlayerStandard", "name": "Battle Royale Island"}, "playlist_creativeroyale_mms_29playerstandard_sb": {"id": "Playlist_CreativeRoyale_MMS_29PlayerStandard_SB", "name": "Battle Royale Island"}, "playlist_creativeroyale_mms_29_player_no_mms": {"id": "Playlist_CreativeRoyale_MMS_29_Player_No_MMS", "name": "Battle Royale Island"}, "playlist_creativeroyale_mms_2playerstandard": {"id": "Playlist_CreativeRoyale_MMS_2PlayerStandard", "name": "Battle Royale Island"}, "playlist_creativeroyale_mms_2playerstandard_sb": {"id": "Playlist_CreativeRoyale_MMS_2PlayerStandard_SB", "name": "Battle Royale Island"}, "playlist_creativeroyale_mms_2_player_no_mms": {"id": "Playlist_CreativeRoyale_MMS_2_Player_No_MMS", "name": "Battle Royale Island"}, "playlist_creativeroyale_mms_30playerstandard": {"id": "Playlist_CreativeRoyale_MMS_30PlayerStandard", "name": "Battle Royale Island"}, "playlist_creativeroyale_mms_30playerstandard_sb": {"id": "Playlist_CreativeRoyale_MMS_30PlayerStandard_SB", "name": "Battle Royale Island"}, "playlist_creativeroyale_mms_30_player_no_mms": {"id": "Playlist_CreativeRoyale_MMS_30_Player_No_MMS", "name": "Battle Royale Island"}, "playlist_creativeroyale_mms_31playerstandard": {"id": "Playlist_CreativeRoyale_MMS_31PlayerStandard", "name": "Battle Royale Island"}, "playlist_creativeroyale_mms_31playerstandard_sb": {"id": "Playlist_CreativeRoyale_MMS_31PlayerStandard_SB", "name": "Battle Royale Island"}, "playlist_creativeroyale_mms_31_player_no_mms": {"id": "Playlist_CreativeRoyale_MMS_31_Player_No_MMS", "name": "Battle Royale Island"}, "playlist_creativeroyale_mms_32playerstandard": {"id": "Playlist_CreativeRoyale_MMS_32PlayerStandard", "name": "Battle Royale Island"}, "playlist_creativeroyale_mms_32playerstandard_sb": {"id": "Playlist_CreativeRoyale_MMS_32PlayerStandard_SB", "name": "Battle Royale Island"}, "playlist_creativeroyale_mms_32_player_no_mms": {"id": "Playlist_CreativeRoyale_MMS_32_Player_No_MMS", "name": "Battle Royale Island"}, "playlist_creativeroyale_mms_33playerstandard": {"id": "Playlist_CreativeRoyale_MMS_33PlayerStandard", "name": "Battle Royale Island"}, "playlist_creativeroyale_mms_33playerstandard_sb": {"id": "Playlist_CreativeRoyale_MMS_33PlayerStandard_SB", "name": "Battle Royale Island"}, "playlist_creativeroyale_mms_33_player_no_mms": {"id": "Playlist_CreativeRoyale_MMS_33_Player_No_MMS", "name": "Battle Royale Island"}, "playlist_creativeroyale_mms_34playerstandard": {"id": "Playlist_CreativeRoyale_MMS_34PlayerStandard", "name": "Battle Royale Island"}, "playlist_creativeroyale_mms_34playerstandard_sb": {"id": "Playlist_CreativeRoyale_MMS_34PlayerStandard_SB", "name": "Battle Royale Island"}, "playlist_creativeroyale_mms_34_player_no_mms": {"id": "Playlist_CreativeRoyale_MMS_34_Player_No_MMS", "name": "Battle Royale Island"}, "playlist_creativeroyale_mms_35playerstandard": {"id": "Playlist_CreativeRoyale_MMS_35PlayerStandard", "name": "Battle Royale Island"}, "playlist_creativeroyale_mms_35playerstandard_sb": {"id": "Playlist_CreativeRoyale_MMS_35PlayerStandard_SB", "name": "Battle Royale Island"}, "playlist_creativeroyale_mms_35_player_no_mms": {"id": "Playlist_CreativeRoyale_MMS_35_Player_No_MMS", "name": "Battle Royale Island"}, "playlist_creativeroyale_mms_36playerstandard": {"id": "Playlist_CreativeRoyale_MMS_36PlayerStandard", "name": "Battle Royale Island"}, "playlist_creativeroyale_mms_36playerstandard_sb": {"id": "Playlist_CreativeRoyale_MMS_36PlayerStandard_SB", "name": "Battle Royale Island"}, "playlist_creativeroyale_mms_36_player_no_mms": {"id": "Playlist_CreativeRoyale_MMS_36_Player_No_MMS", "name": "Battle Royale Island"}, "playlist_creativeroyale_mms_37playerstandard": {"id": "Playlist_CreativeRoyale_MMS_37PlayerStandard", "name": "Battle Royale Island"}, "playlist_creativeroyale_mms_37playerstandard_sb": {"id": "Playlist_CreativeRoyale_MMS_37PlayerStandard_SB", "name": "Battle Royale Island"}, "playlist_creativeroyale_mms_37_player_no_mms": {"id": "Playlist_CreativeRoyale_MMS_37_Player_No_MMS", "name": "Battle Royale Island"}, "playlist_creativeroyale_mms_38playerstandard": {"id": "Playlist_CreativeRoyale_MMS_38PlayerStandard", "name": "Battle Royale Island"}, "playlist_creativeroyale_mms_38playerstandard_sb": {"id": "Playlist_CreativeRoyale_MMS_38PlayerStandard_SB", "name": "Battle Royale Island"}, "playlist_creativeroyale_mms_38_player_no_mms": {"id": "Playlist_CreativeRoyale_MMS_38_Player_No_MMS", "name": "Battle Royale Island"}, "playlist_creativeroyale_mms_39playerstandard": {"id": "Playlist_CreativeRoyale_MMS_39PlayerStandard", "name": "Battle Royale Island"}, "playlist_creativeroyale_mms_39playerstandard_sb": {"id": "Playlist_CreativeRoyale_MMS_39PlayerStandard_SB", "name": "Battle Royale Island"}, "playlist_creativeroyale_mms_39_player_no_mms": {"id": "Playlist_CreativeRoyale_MMS_39_Player_No_MMS", "name": "Battle Royale Island"}, "playlist_creativeroyale_mms_3playerstandard": {"id": "Playlist_CreativeRoyale_MMS_3PlayerStandard", "name": "Battle Royale Island"}, "playlist_creativeroyale_mms_3playerstandard_sb": {"id": "Playlist_CreativeRoyale_MMS_3PlayerStandard_SB", "name": "Battle Royale Island"}, "playlist_creativeroyale_mms_3_player_no_mms": {"id": "Playlist_CreativeRoyale_MMS_3_Player_No_MMS", "name": "Battle Royale Island"}, "playlist_creativeroyale_mms_40playerstandard": {"id": "Playlist_CreativeRoyale_MMS_40PlayerStandard", "name": "Battle Royale Island"}, "playlist_creativeroyale_mms_40playerstandard_sb": {"id": "Playlist_CreativeRoyale_MMS_40PlayerStandard_SB", "name": "Battle Royale Island"}, "playlist_creativeroyale_mms_40_player_no_mms": {"id": "Playlist_CreativeRoyale_MMS_40_Player_No_MMS", "name": "Battle Royale Island"}, "playlist_creativeroyale_mms_41playerstandard": {"id": "Playlist_CreativeRoyale_MMS_41PlayerStandard", "name": "Battle Royale Island"}, "playlist_creativeroyale_mms_41playerstandard_sb": {"id": "Playlist_CreativeRoyale_MMS_41PlayerStandard_SB", "name": "Battle Royale Island"}, "playlist_creativeroyale_mms_41_player_no_mms": {"id": "Playlist_CreativeRoyale_MMS_41_Player_No_MMS", "name": "Battle Royale Island"}, "playlist_creativeroyale_mms_42playerstandard": {"id": "Playlist_CreativeRoyale_MMS_42PlayerStandard", "name": "Battle Royale Island"}, "playlist_creativeroyale_mms_42playerstandard_sb": {"id": "Playlist_CreativeRoyale_MMS_42PlayerStandard_SB", "name": "Battle Royale Island"}, "playlist_creativeroyale_mms_42_player_no_mms": {"id": "Playlist_CreativeRoyale_MMS_42_Player_No_MMS", "name": "Battle Royale Island"}, "playlist_creativeroyale_mms_43playerstandard": {"id": "Playlist_CreativeRoyale_MMS_43PlayerStandard", "name": "Battle Royale Island"}, "playlist_creativeroyale_mms_43playerstandard_sb": {"id": "Playlist_CreativeRoyale_MMS_43PlayerStandard_SB", "name": "Battle Royale Island"}, "playlist_creativeroyale_mms_43_player_no_mms": {"id": "Playlist_CreativeRoyale_MMS_43_Player_No_MMS", "name": "Battle Royale Island"}, "playlist_creativeroyale_mms_44playerstandard": {"id": "Playlist_CreativeRoyale_MMS_44PlayerStandard", "name": "Battle Royale Island"}, "playlist_creativeroyale_mms_44playerstandard_sb": {"id": "Playlist_CreativeRoyale_MMS_44PlayerStandard_SB", "name": "Battle Royale Island"}, "playlist_creativeroyale_mms_44_player_no_mms": {"id": "Playlist_CreativeRoyale_MMS_44_Player_No_MMS", "name": "Battle Royale Island"}, "playlist_creativeroyale_mms_45playerstandard": {"id": "Playlist_CreativeRoyale_MMS_45PlayerStandard", "name": "Battle Royale Island"}, "playlist_creativeroyale_mms_45playerstandard_sb": {"id": "Playlist_CreativeRoyale_MMS_45PlayerStandard_SB", "name": "Battle Royale Island"}, "playlist_creativeroyale_mms_45_player_no_mms": {"id": "Playlist_CreativeRoyale_MMS_45_Player_No_MMS", "name": "Battle Royale Island"}, "playlist_creativeroyale_mms_46playerstandard": {"id": "Playlist_CreativeRoyale_MMS_46PlayerStandard", "name": "Battle Royale Island"}, "playlist_creativeroyale_mms_46playerstandard_sb": {"id": "Playlist_CreativeRoyale_MMS_46PlayerStandard_SB", "name": "Battle Royale Island"}, "playlist_creativeroyale_mms_46_player_no_mms": {"id": "Playlist_CreativeRoyale_MMS_46_Player_No_MMS", "name": "Battle Royale Island"}, "playlist_creativeroyale_mms_47playerstandard": {"id": "Playlist_CreativeRoyale_MMS_47PlayerStandard", "name": "Battle Royale Island"}, "playlist_creativeroyale_mms_47playerstandard_sb": {"id": "Playlist_CreativeRoyale_MMS_47PlayerStandard_SB", "name": "Battle Royale Island"}, "playlist_creativeroyale_mms_47_player_no_mms": {"id": "Playlist_CreativeRoyale_MMS_47_Player_No_MMS", "name": "Battle Royale Island"}, "playlist_creativeroyale_mms_48playerstandard": {"id": "Playlist_CreativeRoyale_MMS_48PlayerStandard", "name": "Battle Royale Island"}, "playlist_creativeroyale_mms_48playerstandard_sb": {"id": "Playlist_CreativeRoyale_MMS_48PlayerStandard_SB", "name": "Battle Royale Island"}, "playlist_creativeroyale_mms_48_player_no_mms": {"id": "Playlist_CreativeRoyale_MMS_48_Player_No_MMS", "name": "Battle Royale Island"}, "playlist_creativeroyale_mms_49playerstandard": {"id": "Playlist_CreativeRoyale_MMS_49PlayerStandard", "name": "Battle Royale Island"}, "playlist_creativeroyale_mms_49playerstandard_sb": {"id": "Playlist_CreativeRoyale_MMS_49PlayerStandard_SB", "name": "Battle Royale Island"}, "playlist_creativeroyale_mms_49_player_no_mms": {"id": "Playlist_CreativeRoyale_MMS_49_Player_No_MMS", "name": "Battle Royale Island"}, "playlist_creativeroyale_mms_4playerstandard": {"id": "Playlist_CreativeRoyale_MMS_4PlayerStandard", "name": "Battle Royale Island"}, "playlist_creativeroyale_mms_4playerstandard_sb": {"id": "Playlist_CreativeRoyale_MMS_4PlayerStandard_SB", "name": "Battle Royale Island"}, "playlist_creativeroyale_mms_4_player_no_mms": {"id": "Playlist_CreativeRoyale_MMS_4_Player_No_MMS", "name": "Battle Royale Island"}, "playlist_creativeroyale_mms_50playerstandard": {"id": "Playlist_CreativeRoyale_MMS_50PlayerStandard", "name": "Battle Royale Island"}, "playlist_creativeroyale_mms_50playerstandard_sb": {"id": "Playlist_CreativeRoyale_MMS_50PlayerStandard_SB", "name": "Battle Royale Island"}, "playlist_creativeroyale_mms_50_player_no_mms": {"id": "Playlist_CreativeRoyale_MMS_50_Player_No_MMS", "name": "Battle Royale Island"}, "playlist_creativeroyale_mms_51playerstandard": {"id": "Playlist_CreativeRoyale_MMS_51PlayerStandard", "name": "Battle Royale Island"}, "playlist_creativeroyale_mms_51playerstandard_sb": {"id": "Playlist_CreativeRoyale_MMS_51PlayerStandard_SB", "name": "Battle Royale Island"}, "playlist_creativeroyale_mms_51_player_no_mms": {"id": "Playlist_CreativeRoyale_MMS_51_Player_No_MMS", "name": "Battle Royale Island"}, "playlist_creativeroyale_mms_52playerstandard": {"id": "Playlist_CreativeRoyale_MMS_52PlayerStandard", "name": "Battle Royale Island"}, "playlist_creativeroyale_mms_52playerstandard_sb": {"id": "Playlist_CreativeRoyale_MMS_52PlayerStandard_SB", "name": "Battle Royale Island"}, "playlist_creativeroyale_mms_52_player_no_mms": {"id": "Playlist_CreativeRoyale_MMS_52_Player_No_MMS", "name": "Battle Royale Island"}, "playlist_creativeroyale_mms_53playerstandard": {"id": "Playlist_CreativeRoyale_MMS_53PlayerStandard", "name": "Battle Royale Island"}, "playlist_creativeroyale_mms_53playerstandard_sb": {"id": "Playlist_CreativeRoyale_MMS_53PlayerStandard_SB", "name": "Battle Royale Island"}, "playlist_creativeroyale_mms_53_player_no_mms": {"id": "Playlist_CreativeRoyale_MMS_53_Player_No_MMS", "name": "Battle Royale Island"}, "playlist_creativeroyale_mms_54playerstandard": {"id": "Playlist_CreativeRoyale_MMS_54PlayerStandard", "name": "Battle Royale Island"}, "playlist_creativeroyale_mms_54playerstandard_sb": {"id": "Playlist_CreativeRoyale_MMS_54PlayerStandard_SB", "name": "Battle Royale Island"}, "playlist_creativeroyale_mms_54_player_no_mms": {"id": "Playlist_CreativeRoyale_MMS_54_Player_No_MMS", "name": "Battle Royale Island"}, "playlist_creativeroyale_mms_55playerstandard": {"id": "Playlist_CreativeRoyale_MMS_55PlayerStandard", "name": "Battle Royale Island"}, "playlist_creativeroyale_mms_55playerstandard_sb": {"id": "Playlist_CreativeRoyale_MMS_55PlayerStandard_SB", "name": "Battle Royale Island"}, "playlist_creativeroyale_mms_55_player_no_mms": {"id": "Playlist_CreativeRoyale_MMS_55_Player_No_MMS", "name": "Battle Royale Island"}, "playlist_creativeroyale_mms_56playerstandard": {"id": "Playlist_CreativeRoyale_MMS_56PlayerStandard", "name": "Battle Royale Island"}, "playlist_creativeroyale_mms_56playerstandard_sb": {"id": "Playlist_CreativeRoyale_MMS_56PlayerStandard_SB", "name": "Battle Royale Island"}, "playlist_creativeroyale_mms_56_player_no_mms": {"id": "Playlist_CreativeRoyale_MMS_56_Player_No_MMS", "name": "Battle Royale Island"}, "playlist_creativeroyale_mms_57playerstandard": {"id": "Playlist_CreativeRoyale_MMS_57PlayerStandard", "name": "Battle Royale Island"}, "playlist_creativeroyale_mms_57playerstandard_sb": {"id": "Playlist_CreativeRoyale_MMS_57PlayerStandard_SB", "name": "Battle Royale Island"}, "playlist_creativeroyale_mms_57_player_no_mms": {"id": "Playlist_CreativeRoyale_MMS_57_Player_No_MMS", "name": "Battle Royale Island"}, "playlist_creativeroyale_mms_58playerstandard": {"id": "Playlist_CreativeRoyale_MMS_58PlayerStandard", "name": "Battle Royale Island"}, "playlist_creativeroyale_mms_58playerstandard_sb": {"id": "Playlist_CreativeRoyale_MMS_58PlayerStandard_SB", "name": "Battle Royale Island"}, "playlist_creativeroyale_mms_58_player_no_mms": {"id": "Playlist_CreativeRoyale_MMS_58_Player_No_MMS", "name": "Battle Royale Island"}, "playlist_creativeroyale_mms_59playerstandard": {"id": "Playlist_CreativeRoyale_MMS_59PlayerStandard", "name": "Battle Royale Island"}, "playlist_creativeroyale_mms_59playerstandard_sb": {"id": "Playlist_CreativeRoyale_MMS_59PlayerStandard_SB", "name": "Battle Royale Island"}, "playlist_creativeroyale_mms_59_player_no_mms": {"id": "Playlist_CreativeRoyale_MMS_59_Player_No_MMS", "name": "Battle Royale Island"}, "playlist_creativeroyale_mms_5playerstandard": {"id": "Playlist_CreativeRoyale_MMS_5PlayerStandard", "name": "Battle Royale Island"}, "playlist_creativeroyale_mms_5playerstandard_sb": {"id": "Playlist_CreativeRoyale_MMS_5PlayerStandard_SB", "name": "Battle Royale Island"}, "playlist_creativeroyale_mms_5_player_no_mms": {"id": "Playlist_CreativeRoyale_MMS_5_Player_No_MMS", "name": "Battle Royale Island"}, "playlist_creativeroyale_mms_60playerstandard": {"id": "Playlist_CreativeRoyale_MMS_60PlayerStandard", "name": "Battle Royale Island"}, "playlist_creativeroyale_mms_60playerstandard_sb": {"id": "Playlist_CreativeRoyale_MMS_60PlayerStandard_SB", "name": "Battle Royale Island"}, "playlist_creativeroyale_mms_60_player_no_mms": {"id": "Playlist_CreativeRoyale_MMS_60_Player_No_MMS", "name": "Battle Royale Island"}, "playlist_creativeroyale_mms_61playerstandard": {"id": "Playlist_CreativeRoyale_MMS_61PlayerStandard", "name": "Battle Royale Island"}, "playlist_creativeroyale_mms_61playerstandard_sb": {"id": "Playlist_CreativeRoyale_MMS_61PlayerStandard_SB", "name": "Battle Royale Island"}, "playlist_creativeroyale_mms_61_player_no_mms": {"id": "Playlist_CreativeRoyale_MMS_61_Player_No_MMS", "name": "Battle Royale Island"}, "playlist_creativeroyale_mms_62playerstandard": {"id": "Playlist_CreativeRoyale_MMS_62PlayerStandard", "name": "Battle Royale Island"}, "playlist_creativeroyale_mms_62playerstandard_sb": {"id": "Playlist_CreativeRoyale_MMS_62PlayerStandard_SB", "name": "Battle Royale Island"}, "playlist_creativeroyale_mms_62_player_no_mms": {"id": "Playlist_CreativeRoyale_MMS_62_Player_No_MMS", "name": "Battle Royale Island"}, "playlist_creativeroyale_mms_63playerstandard": {"id": "Playlist_CreativeRoyale_MMS_63PlayerStandard", "name": "Battle Royale Island"}, "playlist_creativeroyale_mms_63playerstandard_sb": {"id": "Playlist_CreativeRoyale_MMS_63PlayerStandard_SB", "name": "Battle Royale Island"}, "playlist_creativeroyale_mms_63_player_no_mms": {"id": "Playlist_CreativeRoyale_MMS_63_Player_No_MMS", "name": "Battle Royale Island"}, "playlist_creativeroyale_mms_64playerstandard": {"id": "Playlist_CreativeRoyale_MMS_64PlayerStandard", "name": "Battle Royale Island"}, "playlist_creativeroyale_mms_64playerstandard_sb": {"id": "Playlist_CreativeRoyale_MMS_64PlayerStandard_SB", "name": "Battle Royale Island"}, "playlist_creativeroyale_mms_64_player_no_mms": {"id": "Playlist_CreativeRoyale_MMS_64_Player_No_MMS", "name": "Battle Royale Island"}, "playlist_creativeroyale_mms_65playerstandard": {"id": "Playlist_CreativeRoyale_MMS_65PlayerStandard", "name": "Battle Royale Island"}, "playlist_creativeroyale_mms_65playerstandard_sb": {"id": "Playlist_CreativeRoyale_MMS_65PlayerStandard_SB", "name": "Battle Royale Island"}, "playlist_creativeroyale_mms_65_player_no_mms": {"id": "Playlist_CreativeRoyale_MMS_65_Player_No_MMS", "name": "Battle Royale Island"}, "playlist_creativeroyale_mms_66playerstandard": {"id": "Playlist_CreativeRoyale_MMS_66PlayerStandard", "name": "Battle Royale Island"}, "playlist_creativeroyale_mms_66playerstandard_sb": {"id": "Playlist_CreativeRoyale_MMS_66PlayerStandard_SB", "name": "Battle Royale Island"}, "playlist_creativeroyale_mms_66_player_no_mms": {"id": "Playlist_CreativeRoyale_MMS_66_Player_No_MMS", "name": "Battle Royale Island"}, "playlist_creativeroyale_mms_67playerstandard": {"id": "Playlist_CreativeRoyale_MMS_67PlayerStandard", "name": "Battle Royale Island"}, "playlist_creativeroyale_mms_67playerstandard_sb": {"id": "Playlist_CreativeRoyale_MMS_67PlayerStandard_SB", "name": "Battle Royale Island"}, "playlist_creativeroyale_mms_67_player_no_mms": {"id": "Playlist_CreativeRoyale_MMS_67_Player_No_MMS", "name": "Battle Royale Island"}, "playlist_creativeroyale_mms_68playerstandard": {"id": "Playlist_CreativeRoyale_MMS_68PlayerStandard", "name": "Battle Royale Island"}, "playlist_creativeroyale_mms_68playerstandard_sb": {"id": "Playlist_CreativeRoyale_MMS_68PlayerStandard_SB", "name": "Battle Royale Island"}, "playlist_creativeroyale_mms_68_player_no_mms": {"id": "Playlist_CreativeRoyale_MMS_68_Player_No_MMS", "name": "Battle Royale Island"}, "playlist_creativeroyale_mms_69playerstandard": {"id": "Playlist_CreativeRoyale_MMS_69PlayerStandard", "name": "Battle Royale Island"}, "playlist_creativeroyale_mms_69playerstandard_sb": {"id": "Playlist_CreativeRoyale_MMS_69PlayerStandard_SB", "name": "Battle Royale Island"}, "playlist_creativeroyale_mms_69_player_no_mms": {"id": "Playlist_CreativeRoyale_MMS_69_Player_No_MMS", "name": "Battle Royale Island"}, "playlist_creativeroyale_mms_6playerstandard": {"id": "Playlist_CreativeRoyale_MMS_6PlayerStandard", "name": "Battle Royale Island"}, "playlist_creativeroyale_mms_6playerstandard_sb": {"id": "Playlist_CreativeRoyale_MMS_6PlayerStandard_SB", "name": "Battle Royale Island"}, "playlist_creativeroyale_mms_6_player_no_mms": {"id": "Playlist_CreativeRoyale_MMS_6_Player_No_MMS", "name": "Battle Royale Island"}, "playlist_creativeroyale_mms_70playerstandard": {"id": "Playlist_CreativeRoyale_MMS_70PlayerStandard", "name": "Battle Royale Island"}, "playlist_creativeroyale_mms_70playerstandard_sb": {"id": "Playlist_CreativeRoyale_MMS_70PlayerStandard_SB", "name": "Battle Royale Island"}, "playlist_creativeroyale_mms_70_player_no_mms": {"id": "Playlist_CreativeRoyale_MMS_70_Player_No_MMS", "name": "Battle Royale Island"}, "playlist_creativeroyale_mms_71playerstandard": {"id": "Playlist_CreativeRoyale_MMS_71PlayerStandard", "name": "Battle Royale Island"}, "playlist_creativeroyale_mms_71playerstandard_sb": {"id": "Playlist_CreativeRoyale_MMS_71PlayerStandard_SB", "name": "Battle Royale Island"}, "playlist_creativeroyale_mms_71_player_no_mms": {"id": "Playlist_CreativeRoyale_MMS_71_Player_No_MMS", "name": "Battle Royale Island"}, "playlist_creativeroyale_mms_72playerstandard": {"id": "Playlist_CreativeRoyale_MMS_72PlayerStandard", "name": "Battle Royale Island"}, "playlist_creativeroyale_mms_72playerstandard_sb": {"id": "Playlist_CreativeRoyale_MMS_72PlayerStandard_SB", "name": "Battle Royale Island"}, "playlist_creativeroyale_mms_72_player_no_mms": {"id": "Playlist_CreativeRoyale_MMS_72_Player_No_MMS", "name": "Battle Royale Island"}, "playlist_creativeroyale_mms_73playerstandard": {"id": "Playlist_CreativeRoyale_MMS_73PlayerStandard", "name": "Battle Royale Island"}, "playlist_creativeroyale_mms_73playerstandard_sb": {"id": "Playlist_CreativeRoyale_MMS_73PlayerStandard_SB", "name": "Battle Royale Island"}, "playlist_creativeroyale_mms_73_player_no_mms": {"id": "Playlist_CreativeRoyale_MMS_73_Player_No_MMS", "name": "Battle Royale Island"}, "playlist_creativeroyale_mms_74playerstandard": {"id": "Playlist_CreativeRoyale_MMS_74PlayerStandard", "name": "Battle Royale Island"}, "playlist_creativeroyale_mms_74playerstandard_sb": {"id": "Playlist_CreativeRoyale_MMS_74PlayerStandard_SB", "name": "Battle Royale Island"}, "playlist_creativeroyale_mms_74_player_no_mms": {"id": "Playlist_CreativeRoyale_MMS_74_Player_No_MMS", "name": "Battle Royale Island"}, "playlist_creativeroyale_mms_75playerstandard": {"id": "Playlist_CreativeRoyale_MMS_75PlayerStandard", "name": "Battle Royale Island"}, "playlist_creativeroyale_mms_75playerstandard_sb": {"id": "Playlist_CreativeRoyale_MMS_75PlayerStandard_SB", "name": "Battle Royale Island"}, "playlist_creativeroyale_mms_75_player_no_mms": {"id": "Playlist_CreativeRoyale_MMS_75_Player_No_MMS", "name": "Battle Royale Island"}, "playlist_creativeroyale_mms_76playerstandard": {"id": "Playlist_CreativeRoyale_MMS_76PlayerStandard", "name": "Battle Royale Island"}, "playlist_creativeroyale_mms_76playerstandard_sb": {"id": "Playlist_CreativeRoyale_MMS_76PlayerStandard_SB", "name": "Battle Royale Island"}, "playlist_creativeroyale_mms_76_player_no_mms": {"id": "Playlist_CreativeRoyale_MMS_76_Player_No_MMS", "name": "Battle Royale Island"}, "playlist_creativeroyale_mms_77playerstandard": {"id": "Playlist_CreativeRoyale_MMS_77PlayerStandard", "name": "Battle Royale Island"}, "playlist_creativeroyale_mms_77playerstandard_sb": {"id": "Playlist_CreativeRoyale_MMS_77PlayerStandard_SB", "name": "Battle Royale Island"}, "playlist_creativeroyale_mms_77_player_no_mms": {"id": "Playlist_CreativeRoyale_MMS_77_Player_No_MMS", "name": "Battle Royale Island"}, "playlist_creativeroyale_mms_78playerstandard": {"id": "Playlist_CreativeRoyale_MMS_78PlayerStandard", "name": "Battle Royale Island"}, "playlist_creativeroyale_mms_78playerstandard_sb": {"id": "Playlist_CreativeRoyale_MMS_78PlayerStandard_SB", "name": "Battle Royale Island"}, "playlist_creativeroyale_mms_78_player_no_mms": {"id": "Playlist_CreativeRoyale_MMS_78_Player_No_MMS", "name": "Battle Royale Island"}, "playlist_creativeroyale_mms_79playerstandard": {"id": "Playlist_CreativeRoyale_MMS_79PlayerStandard", "name": "Battle Royale Island"}, "playlist_creativeroyale_mms_79playerstandard_sb": {"id": "Playlist_CreativeRoyale_MMS_79PlayerStandard_SB", "name": "Battle Royale Island"}, "playlist_creativeroyale_mms_79_player_no_mms": {"id": "Playlist_CreativeRoyale_MMS_79_Player_No_MMS", "name": "Battle Royale Island"}, "playlist_creativeroyale_mms_7playerstandard": {"id": "Playlist_CreativeRoyale_MMS_7PlayerStandard", "name": "Battle Royale Island"}, "playlist_creativeroyale_mms_7playerstandard_sb": {"id": "Playlist_CreativeRoyale_MMS_7PlayerStandard_SB", "name": "Battle Royale Island"}, "playlist_creativeroyale_mms_7_player_no_mms": {"id": "Playlist_CreativeRoyale_MMS_7_Player_No_MMS", "name": "Battle Royale Island"}, "playlist_creativeroyale_mms_80playerstandard": {"id": "Playlist_CreativeRoyale_MMS_80PlayerStandard", "name": "Battle Royale Island"}, "playlist_creativeroyale_mms_80playerstandard_sb": {"id": "Playlist_CreativeRoyale_MMS_80PlayerStandard_SB", "name": "Battle Royale Island"}, "playlist_creativeroyale_mms_80_player_no_mms": {"id": "Playlist_CreativeRoyale_MMS_80_Player_No_MMS", "name": "Battle Royale Island"}, "playlist_creativeroyale_mms_81playerstandard": {"id": "Playlist_CreativeRoyale_MMS_81PlayerStandard", "name": "Battle Royale Island"}, "playlist_creativeroyale_mms_81playerstandard_sb": {"id": "Playlist_CreativeRoyale_MMS_81PlayerStandard_SB", "name": "Battle Royale Island"}, "playlist_creativeroyale_mms_81_player_no_mms": {"id": "Playlist_CreativeRoyale_MMS_81_Player_No_MMS", "name": "Battle Royale Island"}, "playlist_creativeroyale_mms_82playerstandard": {"id": "Playlist_CreativeRoyale_MMS_82PlayerStandard", "name": "Battle Royale Island"}, "playlist_creativeroyale_mms_82playerstandard_sb": {"id": "Playlist_CreativeRoyale_MMS_82PlayerStandard_SB", "name": "Battle Royale Island"}, "playlist_creativeroyale_mms_82_player_no_mms": {"id": "Playlist_CreativeRoyale_MMS_82_Player_No_MMS", "name": "Battle Royale Island"}, "playlist_creativeroyale_mms_83playerstandard": {"id": "Playlist_CreativeRoyale_MMS_83PlayerStandard", "name": "Battle Royale Island"}, "playlist_creativeroyale_mms_83playerstandard_sb": {"id": "Playlist_CreativeRoyale_MMS_83PlayerStandard_SB", "name": "Battle Royale Island"}, "playlist_creativeroyale_mms_83_player_no_mms": {"id": "Playlist_CreativeRoyale_MMS_83_Player_No_MMS", "name": "Battle Royale Island"}, "playlist_creativeroyale_mms_84playerstandard": {"id": "Playlist_CreativeRoyale_MMS_84PlayerStandard", "name": "Battle Royale Island"}, "playlist_creativeroyale_mms_84playerstandard_sb": {"id": "Playlist_CreativeRoyale_MMS_84PlayerStandard_SB", "name": "Battle Royale Island"}, "playlist_creativeroyale_mms_84_player_no_mms": {"id": "Playlist_CreativeRoyale_MMS_84_Player_No_MMS", "name": "Battle Royale Island"}, "playlist_creativeroyale_mms_85playerstandard": {"id": "Playlist_CreativeRoyale_MMS_85PlayerStandard", "name": "Battle Royale Island"}, "playlist_creativeroyale_mms_85playerstandard_sb": {"id": "Playlist_CreativeRoyale_MMS_85PlayerStandard_SB", "name": "Battle Royale Island"}, "playlist_creativeroyale_mms_85_player_no_mms": {"id": "Playlist_CreativeRoyale_MMS_85_Player_No_MMS", "name": "Battle Royale Island"}, "playlist_creativeroyale_mms_86playerstandard": {"id": "Playlist_CreativeRoyale_MMS_86PlayerStandard", "name": "Battle Royale Island"}, "playlist_creativeroyale_mms_86playerstandard_sb": {"id": "Playlist_CreativeRoyale_MMS_86PlayerStandard_SB", "name": "Battle Royale Island"}, "playlist_creativeroyale_mms_86_player_no_mms": {"id": "Playlist_CreativeRoyale_MMS_86_Player_No_MMS", "name": "Battle Royale Island"}, "playlist_creativeroyale_mms_87playerstandard": {"id": "Playlist_CreativeRoyale_MMS_87PlayerStandard", "name": "Battle Royale Island"}, "playlist_creativeroyale_mms_87playerstandard_sb": {"id": "Playlist_CreativeRoyale_MMS_87PlayerStandard_SB", "name": "Battle Royale Island"}, "playlist_creativeroyale_mms_87_player_no_mms": {"id": "Playlist_CreativeRoyale_MMS_87_Player_No_MMS", "name": "Battle Royale Island"}, "playlist_creativeroyale_mms_88playerstandard": {"id": "Playlist_CreativeRoyale_MMS_88PlayerStandard", "name": "Battle Royale Island"}, "playlist_creativeroyale_mms_88playerstandard_sb": {"id": "Playlist_CreativeRoyale_MMS_88PlayerStandard_SB", "name": "Battle Royale Island"}, "playlist_creativeroyale_mms_88_player_no_mms": {"id": "Playlist_CreativeRoyale_MMS_88_Player_No_MMS", "name": "Battle Royale Island"}, "playlist_creativeroyale_mms_89playerstandard": {"id": "Playlist_CreativeRoyale_MMS_89PlayerStandard", "name": "Battle Royale Island"}, "playlist_creativeroyale_mms_89playerstandard_sb": {"id": "Playlist_CreativeRoyale_MMS_89PlayerStandard_SB", "name": "Battle Royale Island"}, "playlist_creativeroyale_mms_89_player_no_mms": {"id": "Playlist_CreativeRoyale_MMS_89_Player_No_MMS", "name": "Battle Royale Island"}, "playlist_creativeroyale_mms_8playerstandard": {"id": "Playlist_CreativeRoyale_MMS_8PlayerStandard", "name": "Battle Royale Island"}, "playlist_creativeroyale_mms_8playerstandard_sb": {"id": "Playlist_CreativeRoyale_MMS_8PlayerStandard_SB", "name": "Battle Royale Island"}, "playlist_creativeroyale_mms_8_player_no_mms": {"id": "Playlist_CreativeRoyale_MMS_8_Player_No_MMS", "name": "Battle Royale Island"}, "playlist_creativeroyale_mms_90playerstandard": {"id": "Playlist_CreativeRoyale_MMS_90PlayerStandard", "name": "Battle Royale Island"}, "playlist_creativeroyale_mms_90playerstandard_sb": {"id": "Playlist_CreativeRoyale_MMS_90PlayerStandard_SB", "name": "Battle Royale Island"}, "playlist_creativeroyale_mms_90_player_no_mms": {"id": "Playlist_CreativeRoyale_MMS_90_Player_No_MMS", "name": "Battle Royale Island"}, "playlist_creativeroyale_mms_91playerstandard": {"id": "Playlist_CreativeRoyale_MMS_91PlayerStandard", "name": "Battle Royale Island"}, "playlist_creativeroyale_mms_91playerstandard_sb": {"id": "Playlist_CreativeRoyale_MMS_91PlayerStandard_SB", "name": "Battle Royale Island"}, "playlist_creativeroyale_mms_91_player_no_mms": {"id": "Playlist_CreativeRoyale_MMS_91_Player_No_MMS", "name": "Battle Royale Island"}, "playlist_creativeroyale_mms_92playerstandard": {"id": "Playlist_CreativeRoyale_MMS_92PlayerStandard", "name": "Battle Royale Island"}, "playlist_creativeroyale_mms_92playerstandard_sb": {"id": "Playlist_CreativeRoyale_MMS_92PlayerStandard_SB", "name": "Battle Royale Island"}, "playlist_creativeroyale_mms_92_player_no_mms": {"id": "Playlist_CreativeRoyale_MMS_92_Player_No_MMS", "name": "Battle Royale Island"}, "playlist_creativeroyale_mms_93playerstandard": {"id": "Playlist_CreativeRoyale_MMS_93PlayerStandard", "name": "Battle Royale Island"}, "playlist_creativeroyale_mms_93playerstandard_sb": {"id": "Playlist_CreativeRoyale_MMS_93PlayerStandard_SB", "name": "Battle Royale Island"}, "playlist_creativeroyale_mms_93_player_no_mms": {"id": "Playlist_CreativeRoyale_MMS_93_Player_No_MMS", "name": "Battle Royale Island"}, "playlist_creativeroyale_mms_94playerstandard": {"id": "Playlist_CreativeRoyale_MMS_94PlayerStandard", "name": "Battle Royale Island"}, "playlist_creativeroyale_mms_94playerstandard_sb": {"id": "Playlist_CreativeRoyale_MMS_94PlayerStandard_SB", "name": "Battle Royale Island"}, "playlist_creativeroyale_mms_94_player_no_mms": {"id": "Playlist_CreativeRoyale_MMS_94_Player_No_MMS", "name": "Battle Royale Island"}, "playlist_creativeroyale_mms_95playerstandard": {"id": "Playlist_CreativeRoyale_MMS_95PlayerStandard", "name": "Battle Royale Island"}, "playlist_creativeroyale_mms_95playerstandard_sb": {"id": "Playlist_CreativeRoyale_MMS_95PlayerStandard_SB", "name": "Battle Royale Island"}, "playlist_creativeroyale_mms_95_player_no_mms": {"id": "Playlist_CreativeRoyale_MMS_95_Player_No_MMS", "name": "Battle Royale Island"}, "playlist_creativeroyale_mms_96playerstandard": {"id": "Playlist_CreativeRoyale_MMS_96PlayerStandard", "name": "Battle Royale Island"}, "playlist_creativeroyale_mms_96playerstandard_sb": {"id": "Playlist_CreativeRoyale_MMS_96PlayerStandard_SB", "name": "Battle Royale Island"}, "playlist_creativeroyale_mms_96_player_no_mms": {"id": "Playlist_CreativeRoyale_MMS_96_Player_No_MMS", "name": "Battle Royale Island"}, "playlist_creativeroyale_mms_97playerstandard": {"id": "Playlist_CreativeRoyale_MMS_97PlayerStandard", "name": "Battle Royale Island"}, "playlist_creativeroyale_mms_97playerstandard_sb": {"id": "Playlist_CreativeRoyale_MMS_97PlayerStandard_SB", "name": "Battle Royale Island"}, "playlist_creativeroyale_mms_97_player_no_mms": {"id": "Playlist_CreativeRoyale_MMS_97_Player_No_MMS", "name": "Battle Royale Island"}, "playlist_creativeroyale_mms_98playerstandard": {"id": "Playlist_CreativeRoyale_MMS_98PlayerStandard", "name": "Battle Royale Island"}, "playlist_creativeroyale_mms_98playerstandard_sb": {"id": "Playlist_CreativeRoyale_MMS_98PlayerStandard_SB", "name": "Battle Royale Island"}, "playlist_creativeroyale_mms_98_player_no_mms": {"id": "Playlist_CreativeRoyale_MMS_98_Player_No_MMS", "name": "Battle Royale Island"}, "playlist_creativeroyale_mms_99playerstandard": {"id": "Playlist_CreativeRoyale_MMS_99PlayerStandard", "name": "Battle Royale Island"}, "playlist_creativeroyale_mms_99playerstandard_sb": {"id": "Playlist_CreativeRoyale_MMS_99PlayerStandard_SB", "name": "Battle Royale Island"}, "playlist_creativeroyale_mms_99_player_no_mms": {"id": "Playlist_CreativeRoyale_MMS_99_Player_No_MMS", "name": "Battle Royale Island"}, "playlist_creativeroyale_mms_9playerstandard": {"id": "Playlist_CreativeRoyale_MMS_9PlayerStandard", "name": "Battle Royale Island"}, "playlist_creativeroyale_mms_9playerstandard_sb": {"id": "Playlist_CreativeRoyale_MMS_9PlayerStandard_SB", "name": "Battle Royale Island"}, "playlist_creativeroyale_mms_9_player_no_mms": {"id": "Playlist_CreativeRoyale_MMS_9_Player_No_MMS", "name": "Battle Royale Island"}, "playlist_creativeroyale_mms_bigbattle": {"id": "Playlist_CreativeRoyale_MMS_BigBattle", "name": "Big Battle"}, "playlist_creativeroyale_mms_defaultbr": {"id": "Playlist_CreativeRoyale_MMS_DefaultBR", "name": "Battle Royale"}, "playlist_creativeroyale_mms_lategamesolo": {"id": "Playlist_CreativeRoyale_MMS_LateGameSolo", "name": "Late Game"}, "playlist_creativeroyale_mms_lategametrios": {"id": "Playlist_CreativeRoyale_MMS_LateGameTrios", "name": "Late Game"}, "playlist_creativeroyale_mms_nobuild": {"id": "Playlist_CreativeRoyale_MMS_NoBuild", "name": "Zero Build"}, "playlist_creativeroyale_mms_oneshot": {"id": "Playlist_CreativeRoyale_MMS_OneShot", "name": "One Shot"}, "playlist_creativeroyale_mms_solidgold": {"id": "Playlist_CreativeRoyale_MMS_SolidGold", "name": "Solid Gold"}, "playlist_creative_edit_1": {"id": "Playlist_Creative_Edit_1", "name": "Creative"}, "playlist_creative_mms_100playerstandard": {"id": "Playlist_Creative_MMS_100PlayerStandard", "name": "CREATIVE MATCHMAKING"}, "playlist_creative_mms_100playerstandard_sb": {"id": "Playlist_Creative_MMS_100PlayerStandard_SB", "name": "CREATIVE MATCHMAKING"}, "playlist_creative_mms_100_player_no_mms": {"id": "Playlist_Creative_MMS_100_Player_No_MMS", "name": "CREATIVE MATCHMAKING"}, "playlist_creative_mms_10playerstandard": {"id": "Playlist_Creative_MMS_10PlayerStandard", "name": "CREATIVE MATCHMAKING"}, "playlist_creative_mms_10playerstandard_sb": {"id": "Playlist_Creative_MMS_10PlayerStandard_SB", "name": "CREATIVE MATCHMAKING"}, "playlist_creative_mms_10_player_no_mms": {"id": "Playlist_Creative_MMS_10_Player_No_MMS", "name": "CREATIVE MATCHMAKING"}, "playlist_creative_mms_11playerstandard": {"id": "Playlist_Creative_MMS_11PlayerStandard", "name": "CREATIVE MATCHMAKING"}, "playlist_creative_mms_11playerstandard_sb": {"id": "Playlist_Creative_MMS_11PlayerStandard_SB", "name": "CREATIVE MATCHMAKING"}, "playlist_creative_mms_11_player_no_mms": {"id": "Playlist_Creative_MMS_11_Player_No_MMS", "name": "CREATIVE MATCHMAKING"}, "playlist_creative_mms_12playerstandard": {"id": "Playlist_Creative_MMS_12PlayerStandard", "name": "CREATIVE MATCHMAKING"}, "playlist_creative_mms_12playerstandard_sb": {"id": "Playlist_Creative_MMS_12PlayerStandard_SB", "name": "CREATIVE MATCHMAKING"}, "playlist_creative_mms_12_player_no_mms": {"id": "Playlist_Creative_MMS_12_Player_No_MMS", "name": "CREATIVE MATCHMAKING"}, "playlist_creative_mms_13playerstandard": {"id": "Playlist_Creative_MMS_13PlayerStandard", "name": "CREATIVE MATCHMAKING"}, "playlist_creative_mms_13playerstandard_sb": {"id": "Playlist_Creative_MMS_13PlayerStandard_SB", "name": "CREATIVE MATCHMAKING"}, "playlist_creative_mms_13_player_no_mms": {"id": "Playlist_Creative_MMS_13_Player_No_MMS", "name": "CREATIVE MATCHMAKING"}, "playlist_creative_mms_14playerstandard": {"id": "Playlist_Creative_MMS_14PlayerStandard", "name": "CREATIVE MATCHMAKING"}, "playlist_creative_mms_14playerstandard_sb": {"id": "Playlist_Creative_MMS_14PlayerStandard_SB", "name": "CREATIVE MATCHMAKING"}, "playlist_creative_mms_14_player_no_mms": {"id": "Playlist_Creative_MMS_14_Player_No_MMS", "name": "CREATIVE MATCHMAKING"}, "playlist_creative_mms_15playerstandard": {"id": "Playlist_Creative_MMS_15PlayerStandard", "name": "CREATIVE MATCHMAKING"}, "playlist_creative_mms_15playerstandard_sb": {"id": "Playlist_Creative_MMS_15PlayerStandard_SB", "name": "CREATIVE MATCHMAKING"}, "playlist_creative_mms_15_player_no_mms": {"id": "Playlist_Creative_MMS_15_Player_No_MMS", "name": "CREATIVE MATCHMAKING"}, "playlist_creative_mms_16playerstandard": {"id": "Playlist_Creative_MMS_16PlayerStandard", "name": "CREATIVE MATCHMAKING"}, "playlist_creative_mms_16playerstandard_sb": {"id": "Playlist_Creative_MMS_16PlayerStandard_SB", "name": "CREATIVE MATCHMAKING"}, "playlist_creative_mms_16_player_no_mms": {"id": "Playlist_Creative_MMS_16_Player_No_MMS", "name": "CREATIVE MATCHMAKING"}, "playlist_creative_mms_1playerstandard": {"id": "Playlist_Creative_MMS_1PlayerStandard", "name": "CREATIVE MATCHMAKING"}, "playlist_creative_mms_1playerstandard_sb": {"id": "Playlist_Creative_MMS_1PlayerStandard_SB", "name": "CREATIVE MATCHMAKING"}, "playlist_creative_mms_1_player_no_mms": {"id": "Playlist_Creative_MMS_1_Player_No_MMS", "name": "CREATIVE MATCHMAKING"}, "playlist_creative_mms_1v1_competitive": {"id": "Playlist_Creative_MMS_1v1_Competitive", "name": "CREATIVE MATCHMAKING"}, "playlist_creative_mms_20playerstandard": {"id": "Playlist_Creative_MMS_20PlayerStandard", "name": "CREATIVE MATCHMAKING"}, "playlist_creative_mms_20playerstandard_sb": {"id": "Playlist_Creative_MMS_20PlayerStandard_SB", "name": "CREATIVE MATCHMAKING"}, "playlist_creative_mms_20_player_no_mms": {"id": "Playlist_Creative_MMS_20_Player_No_MMS", "name": "CREATIVE MATCHMAKING"}, "playlist_creative_mms_21playerstandard": {"id": "Playlist_Creative_MMS_21PlayerStandard", "name": "CREATIVE MATCHMAKING"}, "playlist_creative_mms_21playerstandard_sb": {"id": "Playlist_Creative_MMS_21PlayerStandard_SB", "name": "CREATIVE MATCHMAKING"}, "playlist_creative_mms_21_player_no_mms": {"id": "Playlist_Creative_MMS_21_Player_No_MMS", "name": "CREATIVE MATCHMAKING"}, "playlist_creative_mms_22playerstandard": {"id": "Playlist_Creative_MMS_22PlayerStandard", "name": "CREATIVE MATCHMAKING"}, "playlist_creative_mms_22playerstandard_sb": {"id": "Playlist_Creative_MMS_22PlayerStandard_SB", "name": "CREATIVE MATCHMAKING"}, "playlist_creative_mms_22_player_no_mms": {"id": "Playlist_Creative_MMS_22_Player_No_MMS", "name": "CREATIVE MATCHMAKING"}, "playlist_creative_mms_23playerstandard": {"id": "Playlist_Creative_MMS_23PlayerStandard", "name": "CREATIVE MATCHMAKING"}, "playlist_creative_mms_23playerstandard_sb": {"id": "Playlist_Creative_MMS_23PlayerStandard_SB", "name": "CREATIVE MATCHMAKING"}, "playlist_creative_mms_23_player_no_mms": {"id": "Playlist_Creative_MMS_23_Player_No_MMS", "name": "CREATIVE MATCHMAKING"}, "playlist_creative_mms_24playerstandard": {"id": "Playlist_Creative_MMS_24PlayerStandard", "name": "CREATIVE MATCHMAKING"}, "playlist_creative_mms_24playerstandard_sb": {"id": "Playlist_Creative_MMS_24PlayerStandard_SB", "name": "CREATIVE MATCHMAKING"}, "playlist_creative_mms_24_player_no_mms": {"id": "Playlist_Creative_MMS_24_Player_No_MMS", "name": "CREATIVE MATCHMAKING"}, "playlist_creative_mms_25playerstandard": {"id": "Playlist_Creative_MMS_25PlayerStandard", "name": "CREATIVE MATCHMAKING"}, "playlist_creative_mms_25playerstandard_sb": {"id": "Playlist_Creative_MMS_25PlayerStandard_SB", "name": "CREATIVE MATCHMAKING"}, "playlist_creative_mms_25_player_no_mms": {"id": "Playlist_Creative_MMS_25_Player_No_MMS", "name": "CREATIVE MATCHMAKING"}, "playlist_creative_mms_26playerstandard": {"id": "Playlist_Creative_MMS_26PlayerStandard", "name": "CREATIVE MATCHMAKING"}, "playlist_creative_mms_26playerstandard_sb": {"id": "Playlist_Creative_MMS_26PlayerStandard_SB", "name": "CREATIVE MATCHMAKING"}, "playlist_creative_mms_26_player_no_mms": {"id": "Playlist_Creative_MMS_26_Player_No_MMS", "name": "CREATIVE MATCHMAKING"}, "playlist_creative_mms_27playerstandard": {"id": "Playlist_Creative_MMS_27PlayerStandard", "name": "CREATIVE MATCHMAKING"}, "playlist_creative_mms_27playerstandard_sb": {"id": "Playlist_Creative_MMS_27PlayerStandard_SB", "name": "CREATIVE MATCHMAKING"}, "playlist_creative_mms_27_player_no_mms": {"id": "Playlist_Creative_MMS_27_Player_No_MMS", "name": "CREATIVE MATCHMAKING"}, "playlist_creative_mms_28playerstandard": {"id": "Playlist_Creative_MMS_28PlayerStandard", "name": "CREATIVE MATCHMAKING"}, "playlist_creative_mms_28playerstandard_sb": {"id": "Playlist_Creative_MMS_28PlayerStandard_SB", "name": "CREATIVE MATCHMAKING"}, "playlist_creative_mms_28_player_no_mms": {"id": "Playlist_Creative_MMS_28_Player_No_MMS", "name": "CREATIVE MATCHMAKING"}, "playlist_creative_mms_29playerstandard": {"id": "Playlist_Creative_MMS_29PlayerStandard", "name": "CREATIVE MATCHMAKING"}, "playlist_creative_mms_29playerstandard_sb": {"id": "Playlist_Creative_MMS_29PlayerStandard_SB", "name": "CREATIVE MATCHMAKING"}, "playlist_creative_mms_29_player_no_mms": {"id": "Playlist_Creative_MMS_29_Player_No_MMS", "name": "CREATIVE MATCHMAKING"}, "playlist_creative_mms_2playerstandard": {"id": "Playlist_Creative_MMS_2PlayerStandard", "name": "CREATIVE MATCHMAKING"}, "playlist_creative_mms_2playerstandard_sb": {"id": "Playlist_Creative_MMS_2PlayerStandard_SB", "name": "CREATIVE MATCHMAKING"}, "playlist_creative_mms_2_player_no_mms": {"id": "Playlist_Creative_MMS_2_Player_No_MMS", "name": "CREATIVE MATCHMAKING"}, "playlist_creative_mms_2v2_competitive": {"id": "Playlist_Creative_MMS_2v2_Competitive", "name": "CREATIVE MATCHMAKING"}, "playlist_creative_mms_30playerstandard": {"id": "Playlist_Creative_MMS_30PlayerStandard", "name": "CREATIVE MATCHMAKING"}, "playlist_creative_mms_30playerstandard_sb": {"id": "Playlist_Creative_MMS_30PlayerStandard_SB", "name": "CREATIVE MATCHMAKING"}, "playlist_creative_mms_30_player_no_mms": {"id": "Playlist_Creative_MMS_30_Player_No_MMS", "name": "CREATIVE MATCHMAKING"}, "playlist_creative_mms_31playerstandard": {"id": "Playlist_Creative_MMS_31PlayerStandard", "name": "CREATIVE MATCHMAKING"}, "playlist_creative_mms_31playerstandard_sb": {"id": "Playlist_Creative_MMS_31PlayerStandard_SB", "name": "CREATIVE MATCHMAKING"}, "playlist_creative_mms_31_player_no_mms": {"id": "Playlist_Creative_MMS_31_Player_No_MMS", "name": "CREATIVE MATCHMAKING"}, "playlist_creative_mms_32playerstandard": {"id": "Playlist_Creative_MMS_32PlayerStandard", "name": "CREATIVE MATCHMAKING"}, "playlist_creative_mms_32playerstandard_sb": {"id": "Playlist_Creative_MMS_32PlayerStandard_SB", "name": "CREATIVE MATCHMAKING"}, "playlist_creative_mms_32_player_no_mms": {"id": "Playlist_Creative_MMS_32_Player_No_MMS", "name": "CREATIVE MATCHMAKING"}, "playlist_creative_mms_33playerstandard": {"id": "Playlist_Creative_MMS_33PlayerStandard", "name": "CREATIVE MATCHMAKING"}, "playlist_creative_mms_33playerstandard_sb": {"id": "Playlist_Creative_MMS_33PlayerStandard_SB", "name": "CREATIVE MATCHMAKING"}, "playlist_creative_mms_33_player_no_mms": {"id": "Playlist_Creative_MMS_33_Player_No_MMS", "name": "CREATIVE MATCHMAKING"}, "playlist_creative_mms_34playerstandard": {"id": "Playlist_Creative_MMS_34PlayerStandard", "name": "CREATIVE MATCHMAKING"}, "playlist_creative_mms_34playerstandard_sb": {"id": "Playlist_Creative_MMS_34PlayerStandard_SB", "name": "CREATIVE MATCHMAKING"}, "playlist_creative_mms_34_player_no_mms": {"id": "Playlist_Creative_MMS_34_Player_No_MMS", "name": "CREATIVE MATCHMAKING"}, "playlist_creative_mms_35playerstandard": {"id": "Playlist_Creative_MMS_35PlayerStandard", "name": "CREATIVE MATCHMAKING"}, "playlist_creative_mms_35playerstandard_sb": {"id": "Playlist_Creative_MMS_35PlayerStandard_SB", "name": "CREATIVE MATCHMAKING"}, "playlist_creative_mms_35_player_no_mms": {"id": "Playlist_Creative_MMS_35_Player_No_MMS", "name": "CREATIVE MATCHMAKING"}, "playlist_creative_mms_36playerstandard": {"id": "Playlist_Creative_MMS_36PlayerStandard", "name": "CREATIVE MATCHMAKING"}, "playlist_creative_mms_36playerstandard_sb": {"id": "Playlist_Creative_MMS_36PlayerStandard_SB", "name": "CREATIVE MATCHMAKING"}, "playlist_creative_mms_36_player_no_mms": {"id": "Playlist_Creative_MMS_36_Player_No_MMS", "name": "CREATIVE MATCHMAKING"}, "playlist_creative_mms_37playerstandard": {"id": "Playlist_Creative_MMS_37PlayerStandard", "name": "CREATIVE MATCHMAKING"}, "playlist_creative_mms_37playerstandard_sb": {"id": "Playlist_Creative_MMS_37PlayerStandard_SB", "name": "CREATIVE MATCHMAKING"}, "playlist_creative_mms_37_player_no_mms": {"id": "Playlist_Creative_MMS_37_Player_No_MMS", "name": "CREATIVE MATCHMAKING"}, "playlist_creative_mms_38playerstandard": {"id": "Playlist_Creative_MMS_38PlayerStandard", "name": "CREATIVE MATCHMAKING"}, "playlist_creative_mms_38playerstandard_sb": {"id": "Playlist_Creative_MMS_38PlayerStandard_SB", "name": "CREATIVE MATCHMAKING"}, "playlist_creative_mms_38_player_no_mms": {"id": "Playlist_Creative_MMS_38_Player_No_MMS", "name": "CREATIVE MATCHMAKING"}, "playlist_creative_mms_39playerstandard": {"id": "Playlist_Creative_MMS_39PlayerStandard", "name": "CREATIVE MATCHMAKING"}, "playlist_creative_mms_39playerstandard_sb": {"id": "Playlist_Creative_MMS_39PlayerStandard_SB", "name": "CREATIVE MATCHMAKING"}, "playlist_creative_mms_39_player_no_mms": {"id": "Playlist_Creative_MMS_39_Player_No_MMS", "name": "CREATIVE MATCHMAKING"}, "playlist_creative_mms_3playerstandard": {"id": "Playlist_Creative_MMS_3PlayerStandard", "name": "CREATIVE MATCHMAKING"}, "playlist_creative_mms_3playerstandard_sb": {"id": "Playlist_Creative_MMS_3PlayerStandard_SB", "name": "CREATIVE MATCHMAKING"}, "playlist_creative_mms_3_player_no_mms": {"id": "Playlist_Creative_MMS_3_Player_No_MMS", "name": "CREATIVE MATCHMAKING"}, "playlist_creative_mms_3v3_competitive": {"id": "Playlist_Creative_MMS_3v3_Competitive", "name": "CREATIVE MATCHMAKING"}, "playlist_creative_mms_40playerstandard": {"id": "Playlist_Creative_MMS_40PlayerStandard", "name": "CREATIVE MATCHMAKING"}, "playlist_creative_mms_40playerstandard_sb": {"id": "Playlist_Creative_MMS_40PlayerStandard_SB", "name": "CREATIVE MATCHMAKING"}, "playlist_creative_mms_40_player_no_mms": {"id": "Playlist_Creative_MMS_40_Player_No_MMS", "name": "CREATIVE MATCHMAKING"}, "playlist_creative_mms_41playerstandard": {"id": "Playlist_Creative_MMS_41PlayerStandard", "name": "CREATIVE MATCHMAKING"}, "playlist_creative_mms_41playerstandard_sb": {"id": "Playlist_Creative_MMS_41PlayerStandard_SB", "name": "CREATIVE MATCHMAKING"}, "playlist_creative_mms_41_player_no_mms": {"id": "Playlist_Creative_MMS_41_Player_No_MMS", "name": "CREATIVE MATCHMAKING"}, "playlist_creative_mms_42playerstandard": {"id": "Playlist_Creative_MMS_42PlayerStandard", "name": "CREATIVE MATCHMAKING"}, "playlist_creative_mms_42playerstandard_sb": {"id": "Playlist_Creative_MMS_42PlayerStandard_SB", "name": "CREATIVE MATCHMAKING"}, "playlist_creative_mms_42_player_no_mms": {"id": "Playlist_Creative_MMS_42_Player_No_MMS", "name": "CREATIVE MATCHMAKING"}, "playlist_creative_mms_43playerstandard": {"id": "Playlist_Creative_MMS_43PlayerStandard", "name": "CREATIVE MATCHMAKING"}, "playlist_creative_mms_43playerstandard_sb": {"id": "Playlist_Creative_MMS_43PlayerStandard_SB", "name": "CREATIVE MATCHMAKING"}, "playlist_creative_mms_43_player_no_mms": {"id": "Playlist_Creative_MMS_43_Player_No_MMS", "name": "CREATIVE MATCHMAKING"}, "playlist_creative_mms_44playerstandard": {"id": "Playlist_Creative_MMS_44PlayerStandard", "name": "CREATIVE MATCHMAKING"}, "playlist_creative_mms_44playerstandard_sb": {"id": "Playlist_Creative_MMS_44PlayerStandard_SB", "name": "CREATIVE MATCHMAKING"}, "playlist_creative_mms_44_player_no_mms": {"id": "Playlist_Creative_MMS_44_Player_No_MMS", "name": "CREATIVE MATCHMAKING"}, "playlist_creative_mms_45playerstandard": {"id": "Playlist_Creative_MMS_45PlayerStandard", "name": "CREATIVE MATCHMAKING"}, "playlist_creative_mms_45playerstandard_sb": {"id": "Playlist_Creative_MMS_45PlayerStandard_SB", "name": "CREATIVE MATCHMAKING"}, "playlist_creative_mms_45_player_no_mms": {"id": "Playlist_Creative_MMS_45_Player_No_MMS", "name": "CREATIVE MATCHMAKING"}, "playlist_creative_mms_46playerstandard": {"id": "Playlist_Creative_MMS_46PlayerStandard", "name": "CREATIVE MATCHMAKING"}, "playlist_creative_mms_46playerstandard_sb": {"id": "Playlist_Creative_MMS_46PlayerStandard_SB", "name": "CREATIVE MATCHMAKING"}, "playlist_creative_mms_46_player_no_mms": {"id": "Playlist_Creative_MMS_46_Player_No_MMS", "name": "CREATIVE MATCHMAKING"}, "playlist_creative_mms_47playerstandard": {"id": "Playlist_Creative_MMS_47PlayerStandard", "name": "CREATIVE MATCHMAKING"}, "playlist_creative_mms_47playerstandard_sb": {"id": "Playlist_Creative_MMS_47PlayerStandard_SB", "name": "CREATIVE MATCHMAKING"}, "playlist_creative_mms_47_player_no_mms": {"id": "Playlist_Creative_MMS_47_Player_No_MMS", "name": "CREATIVE MATCHMAKING"}, "playlist_creative_mms_48playerstandard": {"id": "Playlist_Creative_MMS_48PlayerStandard", "name": "CREATIVE MATCHMAKING"}, "playlist_creative_mms_48playerstandard_sb": {"id": "Playlist_Creative_MMS_48PlayerStandard_SB", "name": "CREATIVE MATCHMAKING"}, "playlist_creative_mms_48_player_no_mms": {"id": "Playlist_Creative_MMS_48_Player_No_MMS", "name": "CREATIVE MATCHMAKING"}, "playlist_creative_mms_49playerstandard": {"id": "Playlist_Creative_MMS_49PlayerStandard", "name": "CREATIVE MATCHMAKING"}, "playlist_creative_mms_49playerstandard_sb": {"id": "Playlist_Creative_MMS_49PlayerStandard_SB", "name": "CREATIVE MATCHMAKING"}, "playlist_creative_mms_49_player_no_mms": {"id": "Playlist_Creative_MMS_49_Player_No_MMS", "name": "CREATIVE MATCHMAKING"}, "playlist_creative_mms_4playerstandard": {"id": "Playlist_Creative_MMS_4PlayerStandard", "name": "CREATIVE MATCHMAKING"}, "playlist_creative_mms_4playerstandard_sb": {"id": "Playlist_Creative_MMS_4PlayerStandard_SB", "name": "CREATIVE MATCHMAKING"}, "playlist_creative_mms_4_player_no_mms": {"id": "Playlist_Creative_MMS_4_Player_No_MMS", "name": "CREATIVE MATCHMAKING"}, "playlist_creative_mms_4v4_competitive": {"id": "Playlist_Creative_MMS_4v4_Competitive", "name": "CREATIVE MATCHMAKING"}, "playlist_creative_mms_50playerstandard": {"id": "Playlist_Creative_MMS_50PlayerStandard", "name": "CREATIVE MATCHMAKING"}, "playlist_creative_mms_50playerstandard_sb": {"id": "Playlist_Creative_MMS_50PlayerStandard_SB", "name": "CREATIVE MATCHMAKING"}, "playlist_creative_mms_50_player_no_mms": {"id": "Playlist_Creative_MMS_50_Player_No_MMS", "name": "CREATIVE MATCHMAKING"}, "playlist_creative_mms_5playerstandard": {"id": "Playlist_Creative_MMS_5PlayerStandard", "name": "CREATIVE MATCHMAKING"}, "playlist_creative_mms_5playerstandard_sb": {"id": "Playlist_Creative_MMS_5PlayerStandard_SB", "name": "CREATIVE MATCHMAKING"}, "playlist_creative_mms_5_player_no_mms": {"id": "Playlist_Creative_MMS_5_Player_No_MMS", "name": "CREATIVE MATCHMAKING"}, "playlist_creative_mms_5v5_competitive": {"id": "Playlist_Creative_MMS_5v5_Competitive", "name": "CREATIVE MATCHMAKING"}, "playlist_creative_mms_60playerstandard": {"id": "Playlist_Creative_MMS_60PlayerStandard", "name": "CREATIVE MATCHMAKING"}, "playlist_creative_mms_60playerstandard_sb": {"id": "Playlist_Creative_MMS_60PlayerStandard_SB", "name": "CREATIVE MATCHMAKING"}, "playlist_creative_mms_60_player_no_mms": {"id": "Playlist_Creative_MMS_60_Player_No_MMS", "name": "CREATIVE MATCHMAKING"}, "playlist_creative_mms_6playerstandard": {"id": "Playlist_Creative_MMS_6PlayerStandard", "name": "CREATIVE MATCHMAKING"}, "playlist_creative_mms_6playerstandard_sb": {"id": "Playlist_Creative_MMS_6PlayerStandard_SB", "name": "CREATIVE MATCHMAKING"}, "playlist_creative_mms_6_player_no_mms": {"id": "Playlist_Creative_MMS_6_Player_No_MMS", "name": "CREATIVE MATCHMAKING"}, "playlist_creative_mms_6v6_competitive": {"id": "Playlist_Creative_MMS_6v6_Competitive", "name": "CREATIVE MATCHMAKING"}, "playlist_creative_mms_70playerstandard": {"id": "Playlist_Creative_MMS_70PlayerStandard", "name": "CREATIVE MATCHMAKING"}, "playlist_creative_mms_70playerstandard_sb": {"id": "Playlist_Creative_MMS_70PlayerStandard_SB", "name": "CREATIVE MATCHMAKING"}, "playlist_creative_mms_70_player_no_mms": {"id": "Playlist_Creative_MMS_70_Player_No_MMS", "name": "CREATIVE MATCHMAKING"}, "playlist_creative_mms_7playerstandard": {"id": "Playlist_Creative_MMS_7PlayerStandard", "name": "CREATIVE MATCHMAKING"}, "playlist_creative_mms_7playerstandard_sb": {"id": "Playlist_Creative_MMS_7PlayerStandard_SB", "name": "CREATIVE MATCHMAKING"}, "playlist_creative_mms_7_player_no_mms": {"id": "Playlist_Creative_MMS_7_Player_No_MMS", "name": "CREATIVE MATCHMAKING"}, "playlist_creative_mms_7v7_competitive": {"id": "Playlist_Creative_MMS_7v7_Competitive", "name": "CREATIVE MATCHMAKING"}, "playlist_creative_mms_80playerstandard": {"id": "Playlist_Creative_MMS_80PlayerStandard", "name": "CREATIVE MATCHMAKING"}, "playlist_creative_mms_80playerstandard_sb": {"id": "Playlist_Creative_MMS_80PlayerStandard_SB", "name": "CREATIVE MATCHMAKING"}, "playlist_creative_mms_80_player_no_mms": {"id": "Playlist_Creative_MMS_80_Player_No_MMS", "name": "CREATIVE MATCHMAKING"}, "playlist_creative_mms_8playerstandard": {"id": "Playlist_Creative_MMS_8PlayerStandard", "name": "CREATIVE MATCHMAKING"}, "playlist_creative_mms_8playerstandard_sb": {"id": "Playlist_Creative_MMS_8PlayerStandard_SB", "name": "CREATIVE MATCHMAKING"}, "playlist_creative_mms_8_player_no_mms": {"id": "Playlist_Creative_MMS_8_Player_No_MMS", "name": "CREATIVE MATCHMAKING"}, "playlist_creative_mms_8v8_competitive": {"id": "Playlist_Creative_MMS_8v8_Competitive", "name": "CREATIVE MATCHMAKING"}, "playlist_creative_mms_90playerstandard": {"id": "Playlist_Creative_MMS_90PlayerStandard", "name": "CREATIVE MATCHMAKING"}, "playlist_creative_mms_90playerstandard_sb": {"id": "Playlist_Creative_MMS_90PlayerStandard_SB", "name": "CREATIVE MATCHMAKING"}, "playlist_creative_mms_90_player_no_mms": {"id": "Playlist_Creative_MMS_90_Player_No_MMS", "name": "CREATIVE MATCHMAKING"}, "playlist_creative_mms_9playerstandard": {"id": "Playlist_Creative_MMS_9PlayerStandard", "name": "CREATIVE MATCHMAKING"}, "playlist_creative_mms_9playerstandard_sb": {"id": "Playlist_Creative_MMS_9PlayerStandard_SB", "name": "CREATIVE MATCHMAKING"}, "playlist_creative_mms_9_player_no_mms": {"id": "Playlist_Creative_MMS_9_Player_No_MMS", "name": "CREATIVE MATCHMAKING"}, "playlist_creative_mms_comp_ffa_10playersmax": {"id": "Playlist_Creative_MMS_Comp_FFA_10PlayersMax", "name": "CREATIVE MATCHMAKING"}, "playlist_creative_mms_comp_ffa_10playersmax_sb": {"id": "Playlist_Creative_MMS_Comp_FFA_10PlayersMax_SB", "name": "CREATIVE MATCHMAKING"}, "playlist_creative_mms_comp_ffa_11playersmax": {"id": "Playlist_Creative_MMS_Comp_FFA_11PlayersMax", "name": "CREATIVE MATCHMAKING"}, "playlist_creative_mms_comp_ffa_12playersmax": {"id": "Playlist_Creative_MMS_Comp_FFA_12PlayersMax", "name": "CREATIVE MATCHMAKING"}, "playlist_creative_mms_comp_ffa_13playersmax": {"id": "Playlist_Creative_MMS_Comp_FFA_13PlayersMax", "name": "CREATIVE MATCHMAKING"}, "playlist_creative_mms_comp_ffa_14playersmax": {"id": "Playlist_Creative_MMS_Comp_FFA_14PlayersMax", "name": "CREATIVE MATCHMAKING"}, "playlist_creative_mms_comp_ffa_15playersmax": {"id": "Playlist_Creative_MMS_Comp_FFA_15PlayersMax", "name": "CREATIVE MATCHMAKING"}, "playlist_creative_mms_comp_ffa_16playersmax": {"id": "Playlist_Creative_MMS_Comp_FFA_16PlayersMax", "name": "CREATIVE MATCHMAKING"}, "playlist_creative_mms_comp_ffa_16playersmax_sb": {"id": "Playlist_Creative_MMS_Comp_FFA_16PlayersMax_SB", "name": "CREATIVE MATCHMAKING"}, "playlist_creative_mms_comp_ffa_3playersmax": {"id": "Playlist_Creative_MMS_Comp_FFA_3PlayersMax", "name": "CREATIVE MATCHMAKING"}, "playlist_creative_mms_comp_ffa_4playersmax": {"id": "Playlist_Creative_MMS_Comp_FFA_4PlayersMax", "name": "CREATIVE MATCHMAKING"}, "playlist_creative_mms_comp_ffa_4playersmax_sb": {"id": "Playlist_Creative_MMS_Comp_FFA_4PlayersMax_SB", "name": "CREATIVE MATCHMAKING"}, "playlist_creative_mms_comp_ffa_5playersmax": {"id": "Playlist_Creative_MMS_Comp_FFA_5PlayersMax", "name": "CREATIVE MATCHMAKING"}, "playlist_creative_mms_comp_ffa_6playersmax": {"id": "Playlist_Creative_MMS_Comp_FFA_6PlayersMax", "name": "CREATIVE MATCHMAKING"}, "playlist_creative_mms_comp_ffa_7playersmax": {"id": "Playlist_Creative_MMS_Comp_FFA_7PlayersMax", "name": "CREATIVE MATCHMAKING"}, "playlist_creative_mms_comp_ffa_8playersmax": {"id": "Playlist_Creative_MMS_Comp_FFA_8PlayersMax", "name": "CREATIVE MATCHMAKING"}, "playlist_creative_mms_comp_ffa_8playersmax_sb": {"id": "Playlist_Creative_MMS_Comp_FFA_8PlayersMax_SB", "name": "CREATIVE MATCHMAKING"}, "playlist_creative_mms_comp_ffa_9playersmax": {"id": "Playlist_Creative_MMS_Comp_FFA_9PlayersMax", "name": "CREATIVE MATCHMAKING"}, "playlist_creative_mms_teamsof2_10playersmax": {"id": "Playlist_Creative_MMS_TeamsOf2_10PlayersMax", "name": "CREATIVE MATCHMAKING"}, "playlist_creative_mms_teamsof2_12playersmax": {"id": "Playlist_Creative_MMS_TeamsOf2_12PlayersMax", "name": "CREATIVE MATCHMAKING"}, "playlist_creative_mms_teamsof2_14playersmax": {"id": "Playlist_Creative_MMS_TeamsOf2_14PlayersMax", "name": "CREATIVE MATCHMAKING"}, "playlist_creative_mms_teamsof2_16playersmax": {"id": "Playlist_Creative_MMS_TeamsOf2_16PlayersMax", "name": "CREATIVE MATCHMAKING"}, "playlist_creative_mms_teamsof2_16playersmax_sb": {"id": "Playlist_Creative_MMS_TeamsOf2_16PlayersMax_SB", "name": "CREATIVE MATCHMAKING"}, "playlist_creative_mms_teamsof2_6playersmax": {"id": "Playlist_Creative_MMS_TeamsOf2_6PlayersMax", "name": "CREATIVE MATCHMAKING"}, "playlist_creative_mms_teamsof2_8playersmax": {"id": "Playlist_Creative_MMS_TeamsOf2_8PlayersMax", "name": "CREATIVE MATCHMAKING"}, "playlist_creative_mms_teamsof2_8playersmax_sb": {"id": "Playlist_Creative_MMS_TeamsOf2_8PlayersMax_SB", "name": "CREATIVE MATCHMAKING"}, "playlist_creative_mms_teamsof3_12playersmax": {"id": "Playlist_Creative_MMS_TeamsOf3_12PlayersMax", "name": "CREATIVE MATCHMAKING"}, "playlist_creative_mms_teamsof3_15playersmax": {"id": "Playlist_Creative_MMS_TeamsOf3_15PlayersMax", "name": "CREATIVE MATCHMAKING"}, "playlist_creative_mms_teamsof3_9playersmax": {"id": "Playlist_Creative_MMS_TeamsOf3_9PlayersMax", "name": "CREATIVE MATCHMAKING"}, "playlist_creative_mms_teamsof4_12playersmax": {"id": "Playlist_Creative_MMS_TeamsOf4_12PlayersMax", "name": "CREATIVE MATCHMAKING"}, "playlist_creative_mms_teamsof4_16playersmax": {"id": "Playlist_Creative_MMS_TeamsOf4_16PlayersMax", "name": "CREATIVE MATCHMAKING"}, "playlist_creative_mms_teamsof4_16playersmax_sb": {"id": "Playlist_Creative_MMS_TeamsOf4_16PlayersMax_SB", "name": "CREATIVE MATCHMAKING"}, "playlist_creative_play_v2": {"id": "Playlist_Creative_Play_V2", "name": "CREATIVE MATCHMAKING"}, "playlist_defaultduo": {"id": "Playlist_DefaultDuo", "name": "Duos"}, "playlist_defaultpie": {"id": "Playlist_DefaultPIE", "name": "Solo"}, "playlist_defaultsolo": {"id": "Playlist_DefaultSolo", "name": "Solo"}, "playlist_defaultsolo_aiprofiling": {"id": "Playlist_DefaultSolo_AIProfiling", "name": "Solo (AIProfiling)"}, "playlist_defaultsquad": {"id": "Playlist_DefaultSquad", "name": "Squads"}, "playlist_defaultsquad_23": {"id": "Playlist_DefaultSquad_23", "name": "Squads 23"}, "playlist_habaneroduo": {"id": "Playlist_HabaneroDuo", "name": "Duos"}, "playlist_habanerosolo": {"id": "Playlist_HabaneroSolo", "name": "Solo"}, "playlist_habanerosquad": {"id": "Playlist_HabaneroSquad", "name": "Squads"}, "playlist_habanerosquad_100_30": {"id": "Playlist_HabaneroSquad_100_30", "name": "Squads"}, "playlist_habanerosquad_80_40": {"id": "Playlist_HabaneroSquad_80_40", "name": "Squads"}, "playlist_habanerotrio": {"id": "Playlist_HabaneroTrio", "name": "Trios"}, "playlist_itemtest": {"id": "Playlist_ItemTest", "name": "Prototype Testing"}, "playlist_itemtest_nobuild": {"id": "Playlist_ItemTest_NoBuild", "name": "Gameplay Test No Build Duos"}, "playlist_nobuildbr_bigbattle": {"id": "Playlist_NoBuildBR_BigBattle", "name": "Big Battle"}, "playlist_nobuildbr_duo": {"id": "Playlist_NoBuildBR_Duo", "name": "Zero Build - Duos"}, "playlist_nobuildbr_habanero_duo": {"id": "Playlist_NoBuildBR_Habanero_Duo", "name": "Zero Build - Duos"}, "playlist_nobuildbr_habanero_solo": {"id": "Playlist_NoBuildBR_Habanero_Solo", "name": "Zero Build - Solo"}, "playlist_nobuildbr_habanero_squad": {"id": "Playlist_NoBuildBR_Habanero_Squad", "name": "Zero Build - Squads"}, "playlist_nobuildbr_habanero_trio": {"id": "Playlist_NoBuildBR_Habanero_Trio", "name": "Zero Build - Trios"}, "playlist_nobuildbr_solo": {"id": "Playlist_NoBuildBR_Solo", "name": "Zero Build - Solo"}, "playlist_nobuildbr_squad": {"id": "Playlist_NoBuildBR_Squad", "name": "Zero Build - Squads"}, "playlist_nobuildbr_squad_storm_data_test": {"id": "Playlist_NoBuildBR_Squad_Storm_Data_Test", "name": "Storm Test ZeroBuild Squads"}, "playlist_nobuildbr_trio": {"id": "Playlist_NoBuildBR_Trio", "name": "Zero Build - Trios"}, "playlist_papaya": {"id": "Playlist_Papaya", "name": "Party Royale"}, "playlist_playground": {"id": "Playlist_Playground", "name": "Creative"}, "playlist_playgroundv2": {"id": "Playlist_PlaygroundV2", "name": "Creative"}, "playlist_respawn_24": {"id": "Playlist_Respawn_24", "name": "Team Rumble"}, "playlist_respawn_24_alt": {"id": "Playlist_Respawn_24_Alt", "name": "Team Rumble"}, "playlist_showdownalt_cr_solo": {"id": "Playlist_ShowdownAlt_CR_Solo", "name": "Late Game Solo Arena"}, "playlist_showdownalt_cr_trios": {"id": "Playlist_ShowdownAlt_CR_Trios", "name": "Late Game Trios Arena"}, "playlist_showdownalt_creative_lg_solo": {"id": "Playlist_ShowdownAlt_Creative_LG_Solo", "name": "Late Game Solo Arena"}, "playlist_showdownalt_creative_lg_trios": {"id": "Playlist_ShowdownAlt_Creative_LG_Trios", "name": "Late Game Trios Arena"}, "playlist_showdownalt_duos": {"id": "Playlist_ShowdownAlt_Duos", "name": "Arena"}, "playlist_showdownalt_nobuildbr_duos": {"id": "Playlist_ShowdownAlt_NoBuildBR_Duos", "name": "Arena"}, "playlist_showdownalt_nobuildbr_solo": {"id": "Playlist_ShowdownAlt_NoBuildBR_Solo", "name": "Arena"}, "playlist_showdownalt_nobuildbr_squads": {"id": "Playlist_ShowdownAlt_NoBuildBR_Squads", "name": "Arena"}, "playlist_showdownalt_nobuildbr_trios": {"id": "Playlist_ShowdownAlt_NoBuildBR_Trios", "name": "Arena"}, "playlist_showdownalt_solo": {"id": "Playlist_ShowdownAlt_Solo", "name": "Arena"}, "playlist_showdownalt_solo_qa": {"id": "Playlist_ShowdownAlt_Solo_QA", "name": "Arena"}, "playlist_showdownalt_squads": {"id": "Playlist_ShowdownAlt_Squads", "name": "Arena"}, "playlist_showdownalt_trios": {"id": "Playlist_ShowdownAlt_Trios", "name": "Tournament"}, "playlist_showdownscrims_duos": {"id": "Playlist_ShowdownScrims_Duos", "name": "Tournament"}, "playlist_showdownscrims_solo": {"id": "Playlist_ShowdownScrims_Solo", "name": "Tournament"}, "playlist_showdownscrims_trios": {"id": "Playlist_ShowdownScrims_Trios", "name": "Tournament"}, "playlist_showdowntesting_duos": {"id": "Playlist_ShowdownTesting_Duos", "name": "Tournament"}, "playlist_showdowntesting_solo": {"id": "Playlist_ShowdownTesting_Solo", "name": "Tournament"}, "playlist_showdowntesting_squads": {"id": "Playlist_ShowdownTesting_Squads", "name": "Tournament"}, "playlist_showdowntesting_trios": {"id": "Playlist_ShowdownTesting_Trios", "name": "Tournament"}, "playlist_showdowntournament_architect_duos": {"id": "Playlist_ShowdownTournament_Architect_Duos", "name": "Tournament"}, "playlist_showdowntournament_croyale_lg_solo": {"id": "Playlist_ShowdownTournament_CRoyale_LG_Solo", "name": "Creative Royale Late Game Solo"}, "playlist_showdowntournament_croyale_lg_trios": {"id": "Playlist_ShowdownTournament_CRoyale_LG_Trios", "name": "Creative Royale Late Game Trios"}, "playlist_showdowntournament_create_lg_solo": {"id": "Playlist_ShowdownTournament_Create_LG_Solo", "name": "Creative Royale Late Game Solo"}, "playlist_showdowntournament_create_lg_trios": {"id": "Playlist_ShowdownTournament_Create_LG_Trios", "name": "Creative Royale Late Game Trios"}, "playlist_showdowntournament_creative_royale_solo": {"id": "Playlist_ShowdownTournament_Creative_Royale_Solo", "name": "Creative Royale Late Game Solo"}, "playlist_showdowntournament_creative_royale_trios": {"id": "Playlist_ShowdownTournament_Creative_Royale_Trios", "name": "Creative Royale Late Game Trios"}, "playlist_showdowntournament_defaultduo": {"id": "Playlist_ShowdownTournament_DefaultDuo", "name": "Tournament"}, "playlist_showdowntournament_duos": {"id": "Playlist_ShowdownTournament_Duos", "name": "Tournament"}, "playlist_showdowntournament_duos_ds": {"id": "Playlist_ShowdownTournament_Duos_DS", "name": "Tournament"}, "playlist_showdowntournament_fncs_duos": {"id": "Playlist_ShowdownTournament_FNCS_Duos", "name": "Tournament"}, "playlist_showdowntournament_fncs_npm_duos": {"id": "Playlist_ShowdownTournament_FNCS_NPM_Duos", "name": "Tournament"}, "playlist_showdowntournament_fncs_npm_trios": {"id": "Playlist_ShowdownTournament_FNCS_NPM_Trios", "name": "Tournament"}, "playlist_showdowntournament_fncs_pbm_duos": {"id": "Playlist_ShowdownTournament_FNCS_PBM_Duos", "name": "Tournament"}, "playlist_showdowntournament_fncs_pbm_trios": {"id": "Playlist_ShowdownTournament_FNCS_PBM_Trios", "name": "Tournament"}, "playlist_showdowntournament_fillonly_duos": {"id": "Playlist_ShowdownTournament_FillOnly_Duos", "name": "Tournament"}, "playlist_showdowntournament_fillonly_zbm_duos": {"id": "Playlist_ShowdownTournament_FillOnly_ZBM_Duos", "name": "Duos Tournament"}, "playlist_showdowntournament_fillonly_zbm_trios": {"id": "Playlist_ShowdownTournament_FillOnly_ZBM_Trios", "name": "Trios Tournament"}, "playlist_showdowntournament_gen_duos": {"id": "Playlist_ShowdownTournament_Gen_Duos", "name": "Tournament"}, "playlist_showdowntournament_gen_solo": {"id": "Playlist_ShowdownTournament_Gen_Solo", "name": "Tournament"}, "playlist_showdowntournament_gen_squads": {"id": "Playlist_ShowdownTournament_Gen_Squads", "name": "Tournament"}, "playlist_showdowntournament_gen_trios": {"id": "Playlist_ShowdownTournament_Gen_Trios", "name": "Tournament"}, "playlist_showdowntournament_ls_duos": {"id": "Playlist_ShowdownTournament_LS_Duos", "name": "Tournament"}, "playlist_showdowntournament_ls_solo": {"id": "Playlist_ShowdownTournament_LS_Solo", "name": "Tournament"}, "playlist_showdowntournament_npm_duos": {"id": "Playlist_ShowdownTournament_NPM_Duos", "name": "Tournament"}, "playlist_showdowntournament_npm_trios": {"id": "Playlist_ShowdownTournament_NPM_Trios", "name": "Tournament"}, "playlist_showdowntournament_nobuildbr_crs_duos": {"id": "Playlist_ShowdownTournament_NoBuildBR_CRS_Duos", "name": "Duos Tournament"}, "playlist_showdowntournament_nobuildbr_duos": {"id": "Playlist_ShowdownTournament_NoBuildBR_Duos", "name": "Duos Tournament"}, "playlist_showdowntournament_nobuildbr_duos_ds": {"id": "Playlist_ShowdownTournament_NoBuildBR_Duos_DS", "name": "Duos Tournament"}, "playlist_showdowntournament_nobuildbr_headset_duos": {"id": "Playlist_ShowdownTournament_NoBuildBR_Headset_Duos", "name": "Duos Tournament"}, "playlist_showdowntournament_nobuildbr_solo": {"id": "Playlist_ShowdownTournament_NoBuildBR_Solo", "name": "Solo Tournament"}, "playlist_showdowntournament_nobuildbr_squads": {"id": "Playlist_ShowdownTournament_NoBuildBR_Squads", "name": "Squads Tournament"}, "playlist_showdowntournament_nobuildbr_trios": {"id": "Playlist_ShowdownTournament_NoBuildBR_Trios", "name": "Trios Tournament"}, "playlist_showdowntournament_solo": {"id": "Playlist_ShowdownTournament_Solo", "name": "Tournament"}, "playlist_showdowntournament_solo_qa": {"id": "Playlist_ShowdownTournament_Solo_QA", "name": "Tournament"}, "playlist_showdowntournament_solo_test": {"id": "Playlist_ShowdownTournament_Solo_Test", "name": "Tournament"}, "playlist_showdowntournament_squads": {"id": "Playlist_ShowdownTournament_Squads", "name": "Tournament"}, "playlist_showdowntournament_trios": {"id": "Playlist_ShowdownTournament_Trios", "name": "Tournament"}, "playlist_showdowntournament_zf_duos": {"id": "Playlist_ShowdownTournament_ZF_Duos", "name": "Tournament"}, "playlist_showdown_duos": {"id": "Playlist_Showdown_Duos", "name": "Tournament"}, "playlist_showdown_solo": {"id": "Playlist_Showdown_Solo", "name": "Tournament"}, "playlist_showdown_squads": {"id": "Playlist_Showdown_Squads", "name": "Tournament"}, "playlist_showdown_trios": {"id": "Playlist_Showdown_Trios", "name": "Tournament"}, "playlist_solidgold_duos": {"id": "Playlist_SolidGold_Duos", "name": "Solid Gold"}, "playlist_solidgold_solo": {"id": "Playlist_SolidGold_Solo", "name": "Solid Gold"}, "playlist_solidgold_squads": {"id": "Playlist_SolidGold_Squads", "name": "Solid Gold"}, "playlist_solidgold_trios": {"id": "Playlist_SolidGold_Trios", "name": "Solid Gold"}, "playlist_stormdatatest_squad": {"id": "Playlist_StormDataTest_Squad", "name": "Storm Test Build Squads"}, "playlist_stormtest_squad": {"id": "Playlist_StormTest_Squad", "name": "[PH] Split Storm Endgame"}, "playlist_stormtest_squad_mid": {"id": "Playlist_StormTest_Squad_Mid", "name": "[PH] Split Storm MidGame"}, "playlist_testbuild_duos": {"id": "Playlist_TestBuild_Duos", "name": "Test Build"}, "playlist_testbuild_solo": {"id": "Playlist_TestBuild_Solo", "name": "Test Build"}, "playlist_testbuild_squads": {"id": "Playlist_TestBuild_Squads", "name": "Test Build"}, "playlist_trios": {"id": "Playlist_Trios", "name": "Trios"}, "playlist_tutorial_1": {"id": "Playlist_Tutorial_1", "name": "Tutorial"}, "playlist_tutorial_defensivebuilding": {"id": "Playlist_Tutorial_DefensiveBuilding", "name": "Tutorial"}, "playlist_vk_edit": {"id": "Playlist_VK_Edit", "name": "UEFN Session"}, "playlist_vk_play": {"id": "Playlist_VK_Play", "name": "Play Session"}, "playlist_mash_squads_legacy": {"id": "Playlist_Mash_Squads_Legacy", "name": "Horde Rush"}, "playlist_showdowntournament_nobuildbr_rc_duos": {"id": "Playlist_ShowdownTournament_NoBuildBR_RC_Duos", "name": "Duos Tournament"}, "playlist_showdowntournament_nobuildbr_rc_solo": {"id": "Playlist_ShowdownTournament_NoBuildBR_RC_Solo", "name": "Solo Tournament"}, "playlist_showdowntournament_nobuildbr_rc_squads": {"id": "Playlist_ShowdownTournament_NoBuildBR_RC_Squads", "name": "Squads Tournament"}, "playlist_showdowntournament_rc_duos": {"id": "Playlist_ShowdownTournament_RC_Duos", "name": "Tournament"}, "playlist_showdowntournament_rc_solo": {"id": "Playlist_ShowdownTournament_RC_Solo", "name": "Tournament"}, "playlist_showdowntournament_rc_squads": {"id": "Playlist_ShowdownTournament_RC_Squads", "name": "Tournament"}, "playlist_toss_duos": {"id": "Playlist_Toss_Duos", "name": "Throwdown"}, "playlist_toss_solo": {"id": "Playlist_Toss_Solo", "name": "Throwdown"}, "playlist_toss_squads": {"id": "Playlist_Toss_Squads", "name": "Throwdown"}, "playlist_toss_trios": {"id": "Playlist_Toss_Trios", "name": "Throwdown"}, "playlist_durian": {"id": "Playlist_Durian", "name": "The Big Bang"}, "playlist_contextualactionproto": {"id": "Playlist_ContextualActionProto", "name": "Contextual Action Proto"}, "playlist_defaultsolo_minimallobby": {"id": "Playlist_DefaultSolo_MinimalLobby", "name": "SoloML"}, "playlist_defaultsquad_helios": {"id": "Playlist_DefaultSquad_Helios", "name": "Squads 23"}, "playlist_delmar": {"id": "Playlist_DelMar", "name": "Del Mar"}, "playlist_delmar_apollo_racing": {"id": "Playlist_DelMar_Apollo_Racing", "name": "Del Mar - Competitive Rotation"}, "playlist_delmar_apollo_ranked": {"id": "Playlist_DelMar_Apollo_Ranked", "name": "Del Mar - Competitive Rotation"}, "playlist_delmar_bronze01adv_racing": {"id": "Playlist_DelMar_Bronze01Adv_Racing", "name": "Del Mar - Competitive Rotation"}, "playlist_delmar_bronze01adv_ranked": {"id": "Playlist_DelMar_Bronze01Adv_Ranked", "name": "Del Mar - Competitive Rotation"}, "playlist_delmar_bronze01_racing": {"id": "Playlist_DelMar_Bronze01_Racing", "name": "Del Mar - Competitive Rotation"}, "playlist_delmar_bronze01_ranked": {"id": "Playlist_DelMar_Bronze01_Ranked", "name": "Del Mar - Competitive Rotation"}, "playlist_delmar_bronze02adv_racing": {"id": "Playlist_DelMar_Bronze02Adv_Racing", "name": "Del Mar - Competitive Rotation"}, "playlist_delmar_bronze02adv_ranked": {"id": "Playlist_DelMar_Bronze02Adv_Ranked", "name": "Del Mar - Competitive Rotation"}, "playlist_delmar_bronze02_nux": {"id": "Playlist_DelMar_Bronze02_NUX", "name": "Del Mar - Competitive Rotation"}, "playlist_delmar_bronze02_racing": {"id": "Playlist_DelMar_Bronze02_Racing", "name": "Del Mar - Competitive Rotation"}, "playlist_delmar_bronze02_ranked": {"id": "Playlist_DelMar_Bronze02_Ranked", "name": "Del Mar - Competitive Rotation"}, "playlist_delmar_bronze03_nux": {"id": "Playlist_DelMar_Bronze03_NUX", "name": "Del Mar - Competitive Rotation"}, "playlist_delmar_bronze03_racing": {"id": "Playlist_DelMar_Bronze03_Racing", "name": "Del Mar - Competitive Rotation"}, "playlist_delmar_bronze03_ranked": {"id": "Playlist_DelMar_Bronze03_Ranked", "name": "Del Mar - Competitive Rotation"}, "playlist_delmar_bronze04adv_racing": {"id": "Playlist_DelMar_Bronze04Adv_Racing", "name": "Del Mar - Competitive Rotation"}, "playlist_delmar_bronze04adv_ranked": {"id": "Playlist_DelMar_Bronze04Adv_Ranked", "name": "Del Mar - Competitive Rotation"}, "playlist_delmar_bronze04_racing": {"id": "Playlist_DelMar_Bronze04_Racing", "name": "Del Mar - Competitive Rotation"}, "playlist_delmar_bronze04_ranked": {"id": "Playlist_DelMar_Bronze04_Ranked", "name": "Del Mar - Competitive Rotation"}, "playlist_delmar_bronze06adv_racing": {"id": "Playlist_DelMar_Bronze06Adv_Racing", "name": "Del Mar - Competitive Rotation"}, "playlist_delmar_bronze06adv_ranked": {"id": "Playlist_DelMar_Bronze06Adv_Ranked", "name": "Del Mar - Competitive Rotation"}, "playlist_delmar_bronze06_nux": {"id": "Playlist_DelMar_Bronze06_NUX", "name": "Del Mar - Competitive Rotation"}, "playlist_delmar_bronze06_racing": {"id": "Playlist_DelMar_Bronze06_Racing", "name": "Del Mar - Competitive Rotation"}, "playlist_delmar_bronze06_ranked": {"id": "Playlist_DelMar_Bronze06_Ranked", "name": "Del Mar - Competitive Rotation"}, "playlist_delmar_bronze09drifting_nux": {"id": "Playlist_DelMar_Bronze09Drifting_NUX", "name": "Del Mar - Competitive Rotation"}, "playlist_delmar_bronze09drifting_racing": {"id": "Playlist_DelMar_Bronze09Drifting_Racing", "name": "Del Mar - Competitive Rotation"}, "playlist_delmar_bronze09drifting_ranked": {"id": "Playlist_DelMar_Bronze09Drifting_Ranked", "name": "Del Mar - Competitive Rotation"}, "playlist_delmar_bronze09flyingadv_racing": {"id": "Playlist_DelMar_Bronze09FlyingAdv_Racing", "name": "Del Mar - Competitive Rotation"}, "playlist_delmar_bronze09flyingadv_ranked": {"id": "Playlist_DelMar_Bronze09FlyingAdv_Ranked", "name": "Del Mar - Competitive Rotation"}, "playlist_delmar_bronze09flying_nux": {"id": "Playlist_DelMar_Bronze09Flying_NUX", "name": "Del Mar - Competitive Rotation"}, "playlist_delmar_bronze09flying_racing": {"id": "Playlist_DelMar_Bronze09Flying_Racing", "name": "Del Mar - Competitive Rotation"}, "playlist_delmar_bronze09flying_ranked": {"id": "Playlist_DelMar_Bronze09Flying_Ranked", "name": "Del Mar - Competitive Rotation"}, "playlist_delmar_bronze10adv_racing": {"id": "Playlist_DelMar_Bronze10Adv_Racing", "name": "Del Mar - Competitive Rotation"}, "playlist_delmar_bronze10adv_ranked": {"id": "Playlist_DelMar_Bronze10Adv_Ranked", "name": "Del Mar - Competitive Rotation"}, "playlist_delmar_bronze10_nux": {"id": "Playlist_DelMar_Bronze10_NUX", "name": "Del Mar - Competitive Rotation"}, "playlist_delmar_bronze10_racing": {"id": "Playlist_DelMar_Bronze10_Racing", "name": "Del Mar - Competitive Rotation"}, "playlist_delmar_bronze10_ranked": {"id": "Playlist_DelMar_Bronze10_Ranked", "name": "Del Mar - Competitive Rotation"}, "playlist_delmar_challenge": {"id": "Playlist_DelMar_Challenge", "name": "Del Mar - Challenge Mode"}, "playlist_delmar_challenge_qa_1": {"id": "Playlist_DelMar_Challenge_QA_1", "name": "Del Mar - Challenge Mode"}, "playlist_delmar_challenge_qa_10": {"id": "Playlist_DelMar_Challenge_QA_10", "name": "Del Mar - Challenge Mode"}, "playlist_delmar_challenge_qa_2": {"id": "Playlist_DelMar_Challenge_QA_2", "name": "Del Mar - Challenge Mode"}, "playlist_delmar_challenge_qa_3": {"id": "Playlist_DelMar_Challenge_QA_3", "name": "Del Mar - Challenge Mode"}, "playlist_delmar_challenge_qa_4": {"id": "Playlist_DelMar_Challenge_QA_4", "name": "Del Mar - Challenge Mode"}, "playlist_delmar_challenge_qa_5": {"id": "Playlist_DelMar_Challenge_QA_5", "name": "Del Mar - Challenge Mode"}, "playlist_delmar_challenge_qa_6": {"id": "Playlist_DelMar_Challenge_QA_6", "name": "Del Mar - Challenge Mode"}, "playlist_delmar_challenge_qa_7": {"id": "Playlist_DelMar_Challenge_QA_7", "name": "Del Mar - Challenge Mode"}, "playlist_delmar_challenge_qa_8": {"id": "Playlist_DelMar_Challenge_QA_8", "name": "Del Mar - Challenge Mode"}, "playlist_delmar_challenge_qa_9": {"id": "Playlist_DelMar_Challenge_QA_9", "name": "Del Mar - Challenge Mode"}, "playlist_delmar_competitive": {"id": "Playlist_DelMar_Competitive", "name": "Del Mar - Competitive Mode"}, "playlist_delmar_competitive_alternate": {"id": "Playlist_DelMar_Competitive_Alternate", "name": "Del Mar - Competitive Mode"}, "playlist_delmar_competitive_cod_1": {"id": "Playlist_DelMar_Competitive_COD_1", "name": "Del Mar - Competitive Mode"}, "playlist_delmar_competitive_easyrider": {"id": "Playlist_DelMar_Competitive_EasyRider", "name": "Del Mar - Easy Rider"}, "playlist_delmar_competitive_perftest01": {"id": "Playlist_DelMar_Competitive_PerfTest01", "name": "Del Mar - Perf Test 01"}, "playlist_delmar_competitive_qa_1": {"id": "Playlist_DelMar_Competitive_QA_1", "name": "Del Mar - Competitive Mode"}, "playlist_delmar_competitive_qa_10": {"id": "Playlist_DelMar_Competitive_QA_10", "name": "Del Mar - Competitive Mode"}, "playlist_delmar_competitive_qa_2": {"id": "Playlist_DelMar_Competitive_QA_2", "name": "Del Mar - Competitive Mode"}, "playlist_delmar_competitive_qa_3": {"id": "Playlist_DelMar_Competitive_QA_3", "name": "Del Mar - Competitive Mode"}, "playlist_delmar_competitive_qa_4": {"id": "Playlist_DelMar_Competitive_QA_4", "name": "Del Mar - Competitive Mode"}, "playlist_delmar_competitive_qa_5": {"id": "Playlist_DelMar_Competitive_QA_5", "name": "Del Mar - Competitive Mode"}, "playlist_delmar_competitive_qa_6": {"id": "Playlist_DelMar_Competitive_QA_6", "name": "Del Mar - Competitive Mode"}, "playlist_delmar_competitive_qa_7": {"id": "Playlist_DelMar_Competitive_QA_7", "name": "Del Mar - Competitive Mode"}, "playlist_delmar_competitive_qa_8": {"id": "Playlist_DelMar_Competitive_QA_8", "name": "Del Mar - Competitive Mode"}, "playlist_delmar_competitive_qa_9": {"id": "Playlist_DelMar_Competitive_QA_9", "name": "Del Mar - Competitive Mode"}, "playlist_delmar_competitive_rotation": {"id": "Playlist_DelMar_Competitive_Rotation", "name": "Del Mar - Competitive Rotation"}, "playlist_delmar_deathrace": {"id": "Playlist_DelMar_DeathRace", "name": "Del Mar - Death Race Mode"}, "playlist_delmar_driftmania_racing": {"id": "Playlist_DelMar_Driftmania_Racing", "name": "Del Mar - Competitive Rotation"}, "playlist_delmar_driftmania_ranked": {"id": "Playlist_DelMar_Driftmania_Ranked", "name": "Del Mar - Competitive Rotation"}, "playlist_delmar_habanero_competitive": {"id": "Playlist_DelMar_Habanero_Competitive", "name": "Del Mar - Competitive Mode"}, "playlist_delmar_habanero_competitive_alternate": {"id": "Playlist_DelMar_Habanero_Competitive_Alternate", "name": "Del Mar - Competitive Mode"}, "playlist_delmar_habanero_competitive_qa_1": {"id": "Playlist_DelMar_Habanero_Competitive_QA_1", "name": "Del Mar - Competitive Mode"}, "playlist_delmar_habanero_competitive_qa_2": {"id": "Playlist_DelMar_Habanero_Competitive_QA_2", "name": "Del Mar - Competitive Mode"}, "playlist_delmar_habanero_competitive_qa_3": {"id": "Playlist_DelMar_Habanero_Competitive_QA_3", "name": "Del Mar - Competitive Mode"}, "playlist_delmar_infinity_racing": {"id": "Playlist_DelMar_Infinity_Racing", "name": "Del Mar - Competitive Rotation"}, "playlist_delmar_infinity_ranked": {"id": "Playlist_DelMar_Infinity_Ranked", "name": "Del Mar - Competitive Rotation"}, "playlist_delmar_jackrabbit_racing": {"id": "Playlist_DelMar_JackRabbit_Racing", "name": "Del Mar - Competitive Rotation"}, "playlist_delmar_jackrabbit_ranked": {"id": "Playlist_DelMar_JackRabbit_Ranked", "name": "Del Mar - Competitive Rotation"}, "playlist_delmar_jumper_racing": {"id": "Playlist_DelMar_Jumper_Racing", "name": "Del Mar - Competitive Rotation"}, "playlist_delmar_jumper_ranked": {"id": "Playlist_DelMar_Jumper_Ranked", "name": "Del Mar - Competitive Rotation"}, "playlist_delmar_limited": {"id": "Playlist_DelMar_Limited", "name": "Del Mar - Competitive Mode"}, "playlist_delmar_nuxjumper_nux": {"id": "Playlist_DelMar_NUXJumper_NUX", "name": "Del Mar - Competitive Rotation"}, "playlist_delmar_nuxjumper_racing": {"id": "Playlist_DelMar_NUXJumper_Racing", "name": "Del Mar - Competitive Rotation"}, "playlist_delmar_nuxjumper_ranked": {"id": "Playlist_DelMar_NUXJumper_Ranked", "name": "Del Mar - Competitive Rotation"}, "playlist_delmar_olympus_racing": {"id": "Playlist_DelMar_Olympus_Racing", "name": "Del Mar - Competitive Rotation"}, "playlist_delmar_olympus_ranked": {"id": "Playlist_DelMar_Olympus_Ranked", "name": "Del Mar - Competitive Rotation"}, "playlist_delmar_ouroboros_racing": {"id": "Playlist_DelMar_Ouroboros_Racing", "name": "Del Mar - Competitive Rotation"}, "playlist_delmar_ouroboros_ranked": {"id": "Playlist_DelMar_Ouroboros_Ranked", "name": "Del Mar - Competitive Rotation"}, "playlist_delmar_racing_root": {"id": "Playlist_DelMar_Racing_Root", "name": "Del Mar - Competitive Rotation"}, "playlist_delmar_rally_racing": {"id": "Playlist_DelMar_Rally_Racing", "name": "Del Mar - Competitive Rotation"}, "playlist_delmar_rally_ranked": {"id": "Playlist_DelMar_Rally_Ranked", "name": "Del Mar - Competitive Rotation"}, "playlist_delmar_ranked_root": {"id": "Playlist_DelMar_Ranked_Root", "name": "Del Mar - Competitive Rotation"}, "playlist_delmar_riviera_racing": {"id": "Playlist_DelMar_Riviera_Racing", "name": "Del Mar - Competitive Rotation"}, "playlist_delmar_riviera_ranked": {"id": "Playlist_DelMar_Riviera_Ranked", "name": "Del Mar - Competitive Rotation"}, "playlist_delmar_seamless_tutorial": {"id": "Playlist_DelMar_Seamless_Tutorial", "name": "Del Mar - Tutorials"}, "playlist_delmar_sidewinder_racing": {"id": "Playlist_DelMar_Sidewinder_Racing", "name": "Del Mar - Competitive Rotation"}, "playlist_delmar_sidewinder_ranked": {"id": "Playlist_DelMar_Sidewinder_Ranked", "name": "Del Mar - Competitive Rotation"}, "playlist_delmar_snap_racing": {"id": "Playlist_DelMar_Snap_Racing", "name": "Del Mar - Competitive Rotation"}, "playlist_delmar_snap_ranked": {"id": "Playlist_DelMar_Snap_Ranked", "name": "Del Mar - Competitive Rotation"}, "playlist_delmar_sweetjumps_racing": {"id": "Playlist_DelMar_SweetJumps_Racing", "name": "Del Mar - Competitive Rotation"}, "playlist_delmar_sweetjumps_ranked": {"id": "Playlist_DelMar_SweetJumps_Ranked", "name": "Del Mar - Competitive Rotation"}, "playlist_delmar_turbine_racing": {"id": "Playlist_DelMar_Turbine_Racing", "name": "Del Mar - Competitive Rotation"}, "playlist_delmar_turbine_ranked": {"id": "Playlist_DelMar_Turbine_Ranked", "name": "Del Mar - Competitive Rotation"}, "playlist_delmar_tutorial": {"id": "Playlist_DelMar_Tutorial", "name": "Del Mar - Tutorials"}, "playlist_deliver_squads": {"id": "Playlist_Deliver_Squads", "name": "Squads"}, "playlist_deliver_squads_zb": {"id": "Playlist_Deliver_Squads_ZB", "name": "Ship It! Express"}, "playlist_fmclubisland": {"id": "Playlist_FMClubIsland", "name": "Festival Jam Stage"}, "playlist_juno": {"id": "Playlist_Juno", "name": "Juno"}, "playlist_juno_minimallobby": {"id": "Playlist_Juno_MinimalLobby", "name": "JunoML"}, "playlist_locomotioninitiative": {"id": "Playlist_LocomotionInitiative", "name": "Locomotion Initiative"}, "playlist_paprikaplaytest": {"id": "Playlist_PaprikaPlaytest", "name": "Paprika Playtest"}, "playlist_paprikasquad": {"id": "Playlist_PaprikaSquad", "name": "Squads"}, "playlist_pilgrimquickplay": {"id": "Playlist_PilgrimQuickplay", "name": "Festival Main Stage"}, "playlist_product22": {"id": "Playlist_Product22", "name": "Juno"}, "playlist_delmar_aqueduct_racing": {"id": "Playlist_DelMar_Aqueduct_Racing", "name": "Del Mar - Competitive Rotation"}, "playlist_delmar_aqueduct_ranked": {"id": "Playlist_DelMar_Aqueduct_Ranked", "name": "Del Mar - Competitive Rotation"}, "playlist_delmar_bronze03adv_racing": {"id": "Playlist_DelMar_Bronze03Adv_Racing", "name": "Del Mar - Competitive Rotation"}, "playlist_delmar_bronze03adv_ranked": {"id": "Playlist_DelMar_Bronze03Adv_Ranked", "name": "Del Mar - Competitive Rotation"}, "playlist_delmar_draino_racing": {"id": "Playlist_DelMar_Draino_Racing", "name": "Del Mar - Competitive Rotation"}, "playlist_delmar_draino_ranked": {"id": "Playlist_DelMar_Draino_Ranked", "name": "Del Mar - Competitive Rotation"}, "playlist_delmar_hydra2_racing": {"id": "Playlist_DelMar_Hydra2_Racing", "name": "Del Mar - Competitive Rotation"}, "playlist_delmar_hydra2_ranked": {"id": "Playlist_DelMar_Hydra2_Ranked", "name": "Del Mar - Competitive Rotation"}, "playlist_delmar_phoenix_racing": {"id": "Playlist_DelMar_Phoenix_Racing", "name": "Del Mar - Competitive Rotation"}, "playlist_delmar_phoenix_ranked": {"id": "Playlist_DelMar_Phoenix_Ranked", "name": "Del Mar - Competitive Rotation"}, "playlist_delmar_rallyadv_racing": {"id": "Playlist_DelMar_RallyAdv_Racing", "name": "Del Mar - Competitive Rotation"}, "playlist_delmar_rallyadv_ranked": {"id": "Playlist_DelMar_RallyAdv_Ranked", "name": "Del Mar - Competitive Rotation"}}}