{
    "test1@gmail.com": {
        "device_id": "85cd4d3fd35848a1b8416c0d49efbdfa",
        "account_id": "be327d4b680f46729007b162e7fe754a",
        "secret": "XSS5MSATSEFPKUDZVNMAL5FKLVIRAZ6D"
    },
    "test2@gmail.com": {
        "device_id": "e5e7d6a85a7d4f04abd76923e3d63202",
        "account_id": "c3d2ba0cf65c4a0b9ebb7d57c0e81d27",
        "secret": "WO432X2JQCN3QOGODCMYK7KAN43HV5QH"
    },
    "test3@gmail.com": {
        "device_id": "11b87bff1b994ec2ad16ee3f5b5efac3",
        "account_id": "04877d29cf3c4b53bc598108e6ba7319",
        "secret": "4QMMPT7FYIOZWMQT3CHSJRH7NG6R5WQ2"
    },
    "test4@gmail.com": {
        "device_id": "8182d856c89f4eab963b43801b33f746",
        "account_id": "ef100c3e6f48475b9a4c7437f571c6e5",
        "secret": "IHIIS4M6G2AFQVS4JTR7CYPG7QSVFXAV"
    },
    "test5@gmail.com": {
        "device_id": "e8e43d6be01d4b269b12f040260b196a",
        "account_id": "678c86bf1e424e4eacc71908f360012a",
        "secret": "SBVPRLARNBLI4JMPGTGIF3W2DTAE5TTF"
    },
    "test6@gmail.com": {
        "device_id": "84b8b0f75bfb4d7db9bc21460ea1e8ff",
        "account_id": "66e57dcd30a84d178765c13235b37b77",
        "secret": "2GW7DHZVILGOUDDQU7R23FYXRS4FR6K4"
    },
    "test7@gmail.com": {
        "device_id": "674d547336004837b3b0bbb0241a12e6",
        "account_id": "2d6b53e2cab943be9b7b9e0f29245fdc",
        "secret": "CGHNU55MVZKRMYWG3KH4IDZHHYGMZZXO"
    },
    "test8@gmail.com": {
        "device_id": "e857fd5a5dda49979591684d71e23a83",
        "account_id": "524293c3f98147d1b3d1474ecc146d61",
        "secret": "RVS5AA5FKYHS2O7SJXFTHYTETK5BWUQ5"
    },
    "test9@gmail.com": {
        "device_id": "67e8b0e91712492a9ff76237c395c715",
        "account_id": "b41f7fab83474963a354b6e0a20778b5",
        "secret": "DU47T7YBPRPIEEZNSVQLU7GUG4BOLSTT"
    },
    "test11@gmail.com": {
        "device_id": "3592ea9b8f9a482c8a6b2e46135edc7a",
        "account_id": "a9c712314fb542a2908a72ce51687403",
        "secret": "KBAJITL2LZ2ADPWJC4WH4NTN4NEMJNEE"
    },
    "test13@gmail.com": {
        "device_id": "ef2199845f6a43d4bbcbf75a0012e0f1",
        "account_id": "114712e996e44957b636320ced87d4d1",
        "secret": "F2KHQL34YU56DNFAYU7BH2MGSLSIWZN3"
    },
    "test10@gmail.com": {
        "device_id": "3956dfb701cc414cb95350fa6f82bc81",
        "account_id": "e8a0eeaf8821433b855749829d95d589",
        "secret": "X2YGF5FH2DUOSS5H7FYV56PQQ5FBVSQW"
    },
    "test12@gmail.com": {
        "device_id": "991ab1298c59493fbcdc6fe32a0c0dae",
        "account_id": "62b08cfe08024d759ecbbc8b5ab6c569",
        "secret": "ITZFWGWW7G5NWQYMXXZMLBLBCKLV4KU6"
    },
    "test14@gmail.com": {
        "device_id": "9ecb14a8919c4943b0cee744957fe1fe",
        "account_id": "f987228207c24642b14588b906ac4d49",
        "secret": "KK2A6OVIRZYJ7XKA2LUV3O46XALJNIP7"
    },
    "test15@gmail.com": {
        "device_id": "5e35bba507194b7eab5189c861d732c3",
        "account_id": "066c422806f44df8a6a11878dc840263",
        "secret": "S5RZDCNR3YS5EDT3DKNAXJEXDDCOZAUP"
    },
    "test16@gmail.com": {
        "device_id": "fb591eaafdfd4e6c8b7deb3345b903ab",
        "account_id": "afb68f831e6146f692c924f9ef710202",
        "secret": "EKNUPEERJ5SWNNSE2NYWWTN4DES3TVXA"
    }
}